Zone_ID,Year,Month,Day,Week,Hour,Predict_HireCount,Temp
1,2019,1,1,Tue,0,0,5.0
1,2019,1,1,Tue,0,0,15.0
1,2019,1,1,Tue,0,0,25.0
1,2019,1,1,Tue,0,0,35.0
1,2019,1,1,Tue,1,0,5.0
1,2019,1,1,Tue,1,0,15.0
1,2019,1,1,Tue,1,0,25.0
1,2019,1,1,Tue,1,0,35.0
1,2019,1,1,Tue,2,0,5.0
1,2019,1,1,Tue,2,0,15.0
1,2019,1,1,Tue,2,0,25.0
1,2019,1,1,Tue,2,0,35.0
1,2019,1,1,Tue,3,0,5.0
1,2019,1,1,Tue,3,0,15.0
1,2019,1,1,Tue,3,0,25.0
1,2019,1,1,Tue,3,0,35.0
1,2019,1,1,Tue,4,0,5.0
1,2019,1,1,Tue,4,0,15.0
1,2019,1,1,Tue,4,0,25.0
1,2019,1,1,Tue,4,0,35.0
1,2019,1,1,Tue,5,0,5.0
1,2019,1,1,Tue,5,0,15.0
1,2019,1,1,Tue,5,0,25.0
1,2019,1,1,Tue,5,0,35.0
1,2019,1,1,Tue,6,0,5.0
1,2019,1,1,Tue,6,0,15.0
1,2019,1,1,Tue,6,0,25.0
1,2019,1,1,Tue,6,0,35.0
1,2019,1,1,Tue,7,0,5.0
1,2019,1,1,Tue,7,0,15.0
1,2019,1,1,Tue,7,0,25.0
1,2019,1,1,Tue,7,0,35.0
1,2019,1,1,Tue,8,0,5.0
1,2019,1,1,Tue,8,0,15.0
1,2019,1,1,Tue,8,0,25.0
1,2019,1,1,Tue,8,0,35.0
1,2019,1,1,Tue,9,0,5.0
1,2019,1,1,Tue,9,0,15.0
1,2019,1,1,Tue,9,0,25.0
1,2019,1,1,Tue,9,0,35.0
1,2019,1,1,Tue,10,0,5.0
1,2019,1,1,Tue,10,0,15.0
1,2019,1,1,Tue,10,0,25.0
1,2019,1,1,Tue,10,0,35.0
1,2019,1,1,Tue,11,0,5.0
1,2019,1,1,Tue,11,0,15.0
1,2019,1,1,Tue,11,0,25.0
1,2019,1,1,Tue,11,0,35.0
1,2019,1,1,Tue,12,0,5.0
1,2019,1,1,Tue,12,0,15.0
1,2019,1,1,Tue,12,0,25.0
1,2019,1,1,Tue,12,0,35.0
1,2019,1,1,Tue,13,0,5.0
1,2019,1,1,Tue,13,0,15.0
1,2019,1,1,Tue,13,0,25.0
1,2019,1,1,Tue,13,0,35.0
1,2019,1,1,Tue,14,0,5.0
1,2019,1,1,Tue,14,0,15.0
1,2019,1,1,Tue,14,0,25.0
1,2019,1,1,Tue,14,0,35.0
1,2019,1,1,Tue,15,0,5.0
1,2019,1,1,Tue,15,0,15.0
1,2019,1,1,Tue,15,0,25.0
1,2019,1,1,Tue,15,0,35.0
1,2019,1,1,Tue,16,3,5.0
1,2019,1,1,Tue,16,2,15.0
1,2019,1,1,Tue,16,2,25.0
1,2019,1,1,Tue,16,2,35.0
1,2019,1,1,Tue,17,0,5.0
1,2019,1,1,Tue,17,0,15.0
1,2019,1,1,Tue,17,0,25.0
1,2019,1,1,Tue,17,0,35.0
1,2019,1,1,Tue,18,0,5.0
1,2019,1,1,Tue,18,0,15.0
1,2019,1,1,Tue,18,0,25.0
1,2019,1,1,Tue,18,0,35.0
1,2019,1,1,Tue,19,0,5.0
1,2019,1,1,Tue,19,0,15.0
1,2019,1,1,Tue,19,0,25.0
1,2019,1,1,Tue,19,0,35.0
1,2019,1,1,Tue,20,0,5.0
1,2019,1,1,Tue,20,0,15.0
1,2019,1,1,Tue,20,0,25.0
1,2019,1,1,Tue,20,0,35.0
1,2019,1,1,Tue,21,0,5.0
1,2019,1,1,Tue,21,0,15.0
1,2019,1,1,Tue,21,0,25.0
1,2019,1,1,Tue,21,0,35.0
1,2019,1,1,Tue,22,0,5.0
1,2019,1,1,Tue,22,0,15.0
1,2019,1,1,Tue,22,0,25.0
1,2019,1,1,Tue,22,0,35.0
1,2019,1,1,Tue,23,0,5.0
1,2019,1,1,Tue,23,0,15.0
1,2019,1,1,Tue,23,0,25.0
1,2019,1,1,Tue,23,0,35.0
2,2019,1,1,Tue,0,0,5.0
2,2019,1,1,Tue,0,0,15.0
2,2019,1,1,Tue,0,0,25.0
2,2019,1,1,Tue,0,0,35.0
2,2019,1,1,Tue,1,0,5.0
2,2019,1,1,Tue,1,0,15.0
2,2019,1,1,Tue,1,0,25.0
2,2019,1,1,Tue,1,0,35.0
2,2019,1,1,Tue,2,0,5.0
2,2019,1,1,Tue,2,0,15.0
2,2019,1,1,Tue,2,0,25.0
2,2019,1,1,Tue,2,0,35.0
2,2019,1,1,Tue,3,0,5.0
2,2019,1,1,Tue,3,0,15.0
2,2019,1,1,Tue,3,0,25.0
2,2019,1,1,Tue,3,0,35.0
2,2019,1,1,Tue,4,0,5.0
2,2019,1,1,Tue,4,0,15.0
2,2019,1,1,Tue,4,0,25.0
2,2019,1,1,Tue,4,0,35.0
2,2019,1,1,Tue,5,0,5.0
2,2019,1,1,Tue,5,0,15.0
2,2019,1,1,Tue,5,0,25.0
2,2019,1,1,Tue,5,0,35.0
2,2019,1,1,Tue,6,0,5.0
2,2019,1,1,Tue,6,0,15.0
2,2019,1,1,Tue,6,0,25.0
2,2019,1,1,Tue,6,0,35.0
2,2019,1,1,Tue,7,0,5.0
2,2019,1,1,Tue,7,0,15.0
2,2019,1,1,Tue,7,0,25.0
2,2019,1,1,Tue,7,0,35.0
2,2019,1,1,Tue,8,0,5.0
2,2019,1,1,Tue,8,0,15.0
2,2019,1,1,Tue,8,0,25.0
2,2019,1,1,Tue,8,0,35.0
2,2019,1,1,Tue,9,0,5.0
2,2019,1,1,Tue,9,0,15.0
2,2019,1,1,Tue,9,0,25.0
2,2019,1,1,Tue,9,0,35.0
2,2019,1,1,Tue,10,0,5.0
2,2019,1,1,Tue,10,0,15.0
2,2019,1,1,Tue,10,0,25.0
2,2019,1,1,Tue,10,0,35.0
2,2019,1,1,Tue,11,0,5.0
2,2019,1,1,Tue,11,0,15.0
2,2019,1,1,Tue,11,0,25.0
2,2019,1,1,Tue,11,0,35.0
2,2019,1,1,Tue,12,0,5.0
2,2019,1,1,Tue,12,0,15.0
2,2019,1,1,Tue,12,0,25.0
2,2019,1,1,Tue,12,0,35.0
2,2019,1,1,Tue,13,0,5.0
2,2019,1,1,Tue,13,0,15.0
2,2019,1,1,Tue,13,0,25.0
2,2019,1,1,Tue,13,0,35.0
2,2019,1,1,Tue,14,0,5.0
2,2019,1,1,Tue,14,0,15.0
2,2019,1,1,Tue,14,0,25.0
2,2019,1,1,Tue,14,0,35.0
2,2019,1,1,Tue,15,0,5.0
2,2019,1,1,Tue,15,0,15.0
2,2019,1,1,Tue,15,0,25.0
2,2019,1,1,Tue,15,0,35.0
2,2019,1,1,Tue,16,3,5.0
2,2019,1,1,Tue,16,2,15.0
2,2019,1,1,Tue,16,2,25.0
2,2019,1,1,Tue,16,2,35.0
2,2019,1,1,Tue,17,0,5.0
2,2019,1,1,Tue,17,0,15.0
2,2019,1,1,Tue,17,0,25.0
2,2019,1,1,Tue,17,0,35.0
2,2019,1,1,Tue,18,0,5.0
2,2019,1,1,Tue,18,0,15.0
2,2019,1,1,Tue,18,0,25.0
2,2019,1,1,Tue,18,0,35.0
2,2019,1,1,Tue,19,0,5.0
2,2019,1,1,Tue,19,0,15.0
2,2019,1,1,Tue,19,0,25.0
2,2019,1,1,Tue,19,0,35.0
2,2019,1,1,Tue,20,0,5.0
2,2019,1,1,Tue,20,0,15.0
2,2019,1,1,Tue,20,0,25.0
2,2019,1,1,Tue,20,0,35.0
2,2019,1,1,Tue,21,0,5.0
2,2019,1,1,Tue,21,0,15.0
2,2019,1,1,Tue,21,0,25.0
2,2019,1,1,Tue,21,0,35.0
2,2019,1,1,Tue,22,0,5.0
2,2019,1,1,Tue,22,0,15.0
2,2019,1,1,Tue,22,0,25.0
2,2019,1,1,Tue,22,0,35.0
2,2019,1,1,Tue,23,0,5.0
2,2019,1,1,Tue,23,0,15.0
2,2019,1,1,Tue,23,0,25.0
2,2019,1,1,Tue,23,0,35.0
3,2019,1,1,Tue,0,56,5.0
3,2019,1,1,Tue,0,55,15.0
3,2019,1,1,Tue,0,55,25.0
3,2019,1,1,Tue,0,54,35.0
3,2019,1,1,Tue,1,60,5.0
3,2019,1,1,Tue,1,56,15.0
3,2019,1,1,Tue,1,54,25.0
3,2019,1,1,Tue,1,52,35.0
3,2019,1,1,Tue,2,58,5.0
3,2019,1,1,Tue,2,56,15.0
3,2019,1,1,Tue,2,55,25.0
3,2019,1,1,Tue,2,54,35.0
3,2019,1,1,Tue,3,41,5.0
3,2019,1,1,Tue,3,39,15.0
3,2019,1,1,Tue,3,38,25.0
3,2019,1,1,Tue,3,37,35.0
3,2019,1,1,Tue,4,43,5.0
3,2019,1,1,Tue,4,42,15.0
3,2019,1,1,Tue,4,41,25.0
3,2019,1,1,Tue,4,39,35.0
3,2019,1,1,Tue,5,54,5.0
3,2019,1,1,Tue,5,52,15.0
3,2019,1,1,Tue,5,50,25.0
3,2019,1,1,Tue,5,49,35.0
3,2019,1,1,Tue,6,43,5.0
3,2019,1,1,Tue,6,42,15.0
3,2019,1,1,Tue,6,41,25.0
3,2019,1,1,Tue,6,41,35.0
3,2019,1,1,Tue,7,34,5.0
3,2019,1,1,Tue,7,35,15.0
3,2019,1,1,Tue,7,37,25.0
3,2019,1,1,Tue,7,38,35.0
3,2019,1,1,Tue,8,24,5.0
3,2019,1,1,Tue,8,25,15.0
3,2019,1,1,Tue,8,24,25.0
3,2019,1,1,Tue,8,24,35.0
3,2019,1,1,Tue,9,18,5.0
3,2019,1,1,Tue,9,18,15.0
3,2019,1,1,Tue,9,18,25.0
3,2019,1,1,Tue,9,17,35.0
3,2019,1,1,Tue,10,13,5.0
3,2019,1,1,Tue,10,13,15.0
3,2019,1,1,Tue,10,13,25.0
3,2019,1,1,Tue,10,12,35.0
3,2019,1,1,Tue,11,9,5.0
3,2019,1,1,Tue,11,9,15.0
3,2019,1,1,Tue,11,9,25.0
3,2019,1,1,Tue,11,9,35.0
3,2019,1,1,Tue,12,10,5.0
3,2019,1,1,Tue,12,10,15.0
3,2019,1,1,Tue,12,9,25.0
3,2019,1,1,Tue,12,8,35.0
3,2019,1,1,Tue,13,13,5.0
3,2019,1,1,Tue,13,13,15.0
3,2019,1,1,Tue,13,13,25.0
3,2019,1,1,Tue,13,13,35.0
3,2019,1,1,Tue,14,18,5.0
3,2019,1,1,Tue,14,18,15.0
3,2019,1,1,Tue,14,18,25.0
3,2019,1,1,Tue,14,18,35.0
3,2019,1,1,Tue,15,28,5.0
3,2019,1,1,Tue,15,28,15.0
3,2019,1,1,Tue,15,28,25.0
3,2019,1,1,Tue,15,28,35.0
3,2019,1,1,Tue,16,30,5.0
3,2019,1,1,Tue,16,29,15.0
3,2019,1,1,Tue,16,28,25.0
3,2019,1,1,Tue,16,28,35.0
3,2019,1,1,Tue,17,38,5.0
3,2019,1,1,Tue,17,36,15.0
3,2019,1,1,Tue,17,35,25.0
3,2019,1,1,Tue,17,35,35.0
3,2019,1,1,Tue,18,40,5.0
3,2019,1,1,Tue,18,39,15.0
3,2019,1,1,Tue,18,39,25.0
3,2019,1,1,Tue,18,39,35.0
3,2019,1,1,Tue,19,50,5.0
3,2019,1,1,Tue,19,48,15.0
3,2019,1,1,Tue,19,48,25.0
3,2019,1,1,Tue,19,48,35.0
3,2019,1,1,Tue,20,47,5.0
3,2019,1,1,Tue,20,46,15.0
3,2019,1,1,Tue,20,46,25.0
3,2019,1,1,Tue,20,46,35.0
3,2019,1,1,Tue,21,43,5.0
3,2019,1,1,Tue,21,42,15.0
3,2019,1,1,Tue,21,41,25.0
3,2019,1,1,Tue,21,41,35.0
3,2019,1,1,Tue,22,44,5.0
3,2019,1,1,Tue,22,43,15.0
3,2019,1,1,Tue,22,43,25.0
3,2019,1,1,Tue,22,43,35.0
3,2019,1,1,Tue,23,43,5.0
3,2019,1,1,Tue,23,41,15.0
3,2019,1,1,Tue,23,40,25.0
3,2019,1,1,Tue,23,39,35.0
4,2019,1,1,Tue,0,7,5.0
4,2019,1,1,Tue,0,7,15.0
4,2019,1,1,Tue,0,7,25.0
4,2019,1,1,Tue,0,7,35.0
4,2019,1,1,Tue,1,7,5.0
4,2019,1,1,Tue,1,7,15.0
4,2019,1,1,Tue,1,6,25.0
4,2019,1,1,Tue,1,6,35.0
4,2019,1,1,Tue,2,6,5.0
4,2019,1,1,Tue,2,6,15.0
4,2019,1,1,Tue,2,6,25.0
4,2019,1,1,Tue,2,5,35.0
4,2019,1,1,Tue,3,5,5.0
4,2019,1,1,Tue,3,5,15.0
4,2019,1,1,Tue,3,4,25.0
4,2019,1,1,Tue,3,4,35.0
4,2019,1,1,Tue,4,5,5.0
4,2019,1,1,Tue,4,5,15.0
4,2019,1,1,Tue,4,5,25.0
4,2019,1,1,Tue,4,5,35.0
4,2019,1,1,Tue,5,5,5.0
4,2019,1,1,Tue,5,5,15.0
4,2019,1,1,Tue,5,4,25.0
4,2019,1,1,Tue,5,4,35.0
4,2019,1,1,Tue,6,4,5.0
4,2019,1,1,Tue,6,4,15.0
4,2019,1,1,Tue,6,4,25.0
4,2019,1,1,Tue,6,4,35.0
4,2019,1,1,Tue,7,4,5.0
4,2019,1,1,Tue,7,4,15.0
4,2019,1,1,Tue,7,4,25.0
4,2019,1,1,Tue,7,4,35.0
4,2019,1,1,Tue,8,3,5.0
4,2019,1,1,Tue,8,2,15.0
4,2019,1,1,Tue,8,2,25.0
4,2019,1,1,Tue,8,2,35.0
4,2019,1,1,Tue,9,1,5.0
4,2019,1,1,Tue,9,1,15.0
4,2019,1,1,Tue,9,1,25.0
4,2019,1,1,Tue,9,0,35.0
4,2019,1,1,Tue,10,0,5.0
4,2019,1,1,Tue,10,0,15.0
4,2019,1,1,Tue,10,0,25.0
4,2019,1,1,Tue,10,0,35.0
4,2019,1,1,Tue,11,0,5.0
4,2019,1,1,Tue,11,0,15.0
4,2019,1,1,Tue,11,0,25.0
4,2019,1,1,Tue,11,0,35.0
4,2019,1,1,Tue,12,0,5.0
4,2019,1,1,Tue,12,0,15.0
4,2019,1,1,Tue,12,0,25.0
4,2019,1,1,Tue,12,0,35.0
4,2019,1,1,Tue,13,0,5.0
4,2019,1,1,Tue,13,0,15.0
4,2019,1,1,Tue,13,0,25.0
4,2019,1,1,Tue,13,0,35.0
4,2019,1,1,Tue,14,5,5.0
4,2019,1,1,Tue,14,4,15.0
4,2019,1,1,Tue,14,4,25.0
4,2019,1,1,Tue,14,3,35.0
4,2019,1,1,Tue,15,3,5.0
4,2019,1,1,Tue,15,3,15.0
4,2019,1,1,Tue,15,3,25.0
4,2019,1,1,Tue,15,3,35.0
4,2019,1,1,Tue,16,6,5.0
4,2019,1,1,Tue,16,7,15.0
4,2019,1,1,Tue,16,7,25.0
4,2019,1,1,Tue,16,7,35.0
4,2019,1,1,Tue,17,6,5.0
4,2019,1,1,Tue,17,6,15.0
4,2019,1,1,Tue,17,6,25.0
4,2019,1,1,Tue,17,6,35.0
4,2019,1,1,Tue,18,6,5.0
4,2019,1,1,Tue,18,6,15.0
4,2019,1,1,Tue,18,7,25.0
4,2019,1,1,Tue,18,7,35.0
4,2019,1,1,Tue,19,8,5.0
4,2019,1,1,Tue,19,8,15.0
4,2019,1,1,Tue,19,8,25.0
4,2019,1,1,Tue,19,8,35.0
4,2019,1,1,Tue,20,6,5.0
4,2019,1,1,Tue,20,6,15.0
4,2019,1,1,Tue,20,6,25.0
4,2019,1,1,Tue,20,6,35.0
4,2019,1,1,Tue,21,6,5.0
4,2019,1,1,Tue,21,6,15.0
4,2019,1,1,Tue,21,7,25.0
4,2019,1,1,Tue,21,7,35.0
4,2019,1,1,Tue,22,7,5.0
4,2019,1,1,Tue,22,7,15.0
4,2019,1,1,Tue,22,7,25.0
4,2019,1,1,Tue,22,7,35.0
4,2019,1,1,Tue,23,6,5.0
4,2019,1,1,Tue,23,6,15.0
4,2019,1,1,Tue,23,6,25.0
4,2019,1,1,Tue,23,6,35.0
5,2019,1,1,Tue,0,93,5.0
5,2019,1,1,Tue,0,95,15.0
5,2019,1,1,Tue,0,97,25.0
5,2019,1,1,Tue,0,100,35.0
5,2019,1,1,Tue,1,104,5.0
5,2019,1,1,Tue,1,102,15.0
5,2019,1,1,Tue,1,102,25.0
5,2019,1,1,Tue,1,102,35.0
5,2019,1,1,Tue,2,96,5.0
5,2019,1,1,Tue,2,95,15.0
5,2019,1,1,Tue,2,95,25.0
5,2019,1,1,Tue,2,96,35.0
5,2019,1,1,Tue,3,75,5.0
5,2019,1,1,Tue,3,75,15.0
5,2019,1,1,Tue,3,75,25.0
5,2019,1,1,Tue,3,76,35.0
5,2019,1,1,Tue,4,60,5.0
5,2019,1,1,Tue,4,60,15.0
5,2019,1,1,Tue,4,60,25.0
5,2019,1,1,Tue,4,60,35.0
5,2019,1,1,Tue,5,53,5.0
5,2019,1,1,Tue,5,52,15.0
5,2019,1,1,Tue,5,51,25.0
5,2019,1,1,Tue,5,51,35.0
5,2019,1,1,Tue,6,48,5.0
5,2019,1,1,Tue,6,47,15.0
5,2019,1,1,Tue,6,47,25.0
5,2019,1,1,Tue,6,47,35.0
5,2019,1,1,Tue,7,48,5.0
5,2019,1,1,Tue,7,51,15.0
5,2019,1,1,Tue,7,54,25.0
5,2019,1,1,Tue,7,56,35.0
5,2019,1,1,Tue,8,44,5.0
5,2019,1,1,Tue,8,46,15.0
5,2019,1,1,Tue,8,46,25.0
5,2019,1,1,Tue,8,46,35.0
5,2019,1,1,Tue,9,27,5.0
5,2019,1,1,Tue,9,27,15.0
5,2019,1,1,Tue,9,25,25.0
5,2019,1,1,Tue,9,24,35.0
5,2019,1,1,Tue,10,17,5.0
5,2019,1,1,Tue,10,17,15.0
5,2019,1,1,Tue,10,17,25.0
5,2019,1,1,Tue,10,16,35.0
5,2019,1,1,Tue,11,14,5.0
5,2019,1,1,Tue,11,14,15.0
5,2019,1,1,Tue,11,14,25.0
5,2019,1,1,Tue,11,14,35.0
5,2019,1,1,Tue,12,17,5.0
5,2019,1,1,Tue,12,18,15.0
5,2019,1,1,Tue,12,18,25.0
5,2019,1,1,Tue,12,18,35.0
5,2019,1,1,Tue,13,30,5.0
5,2019,1,1,Tue,13,31,15.0
5,2019,1,1,Tue,13,31,25.0
5,2019,1,1,Tue,13,30,35.0
5,2019,1,1,Tue,14,38,5.0
5,2019,1,1,Tue,14,36,15.0
5,2019,1,1,Tue,14,34,25.0
5,2019,1,1,Tue,14,32,35.0
5,2019,1,1,Tue,15,47,5.0
5,2019,1,1,Tue,15,45,15.0
5,2019,1,1,Tue,15,43,25.0
5,2019,1,1,Tue,15,43,35.0
5,2019,1,1,Tue,16,54,5.0
5,2019,1,1,Tue,16,52,15.0
5,2019,1,1,Tue,16,51,25.0
5,2019,1,1,Tue,16,51,35.0
5,2019,1,1,Tue,17,76,5.0
5,2019,1,1,Tue,17,74,15.0
5,2019,1,1,Tue,17,72,25.0
5,2019,1,1,Tue,17,73,35.0
5,2019,1,1,Tue,18,86,5.0
5,2019,1,1,Tue,18,84,15.0
5,2019,1,1,Tue,18,82,25.0
5,2019,1,1,Tue,18,82,35.0
5,2019,1,1,Tue,19,105,5.0
5,2019,1,1,Tue,19,103,15.0
5,2019,1,1,Tue,19,102,25.0
5,2019,1,1,Tue,19,103,35.0
5,2019,1,1,Tue,20,103,5.0
5,2019,1,1,Tue,20,102,15.0
5,2019,1,1,Tue,20,101,25.0
5,2019,1,1,Tue,20,103,35.0
5,2019,1,1,Tue,21,94,5.0
5,2019,1,1,Tue,21,94,15.0
5,2019,1,1,Tue,21,94,25.0
5,2019,1,1,Tue,21,96,35.0
5,2019,1,1,Tue,22,88,5.0
5,2019,1,1,Tue,22,87,15.0
5,2019,1,1,Tue,22,86,25.0
5,2019,1,1,Tue,22,86,35.0
5,2019,1,1,Tue,23,73,5.0
5,2019,1,1,Tue,23,72,15.0
5,2019,1,1,Tue,23,70,25.0
5,2019,1,1,Tue,23,69,35.0
6,2019,1,1,Tue,0,0,5.0
6,2019,1,1,Tue,0,0,15.0
6,2019,1,1,Tue,0,0,25.0
6,2019,1,1,Tue,0,0,35.0
6,2019,1,1,Tue,1,0,5.0
6,2019,1,1,Tue,1,0,15.0
6,2019,1,1,Tue,1,0,25.0
6,2019,1,1,Tue,1,0,35.0
6,2019,1,1,Tue,2,0,5.0
6,2019,1,1,Tue,2,0,15.0
6,2019,1,1,Tue,2,0,25.0
6,2019,1,1,Tue,2,0,35.0
6,2019,1,1,Tue,3,0,5.0
6,2019,1,1,Tue,3,0,15.0
6,2019,1,1,Tue,3,0,25.0
6,2019,1,1,Tue,3,0,35.0
6,2019,1,1,Tue,4,0,5.0
6,2019,1,1,Tue,4,0,15.0
6,2019,1,1,Tue,4,0,25.0
6,2019,1,1,Tue,4,0,35.0
6,2019,1,1,Tue,5,0,5.0
6,2019,1,1,Tue,5,0,15.0
6,2019,1,1,Tue,5,0,25.0
6,2019,1,1,Tue,5,0,35.0
6,2019,1,1,Tue,6,0,5.0
6,2019,1,1,Tue,6,0,15.0
6,2019,1,1,Tue,6,0,25.0
6,2019,1,1,Tue,6,0,35.0
6,2019,1,1,Tue,7,0,5.0
6,2019,1,1,Tue,7,0,15.0
6,2019,1,1,Tue,7,0,25.0
6,2019,1,1,Tue,7,0,35.0
6,2019,1,1,Tue,8,0,5.0
6,2019,1,1,Tue,8,0,15.0
6,2019,1,1,Tue,8,0,25.0
6,2019,1,1,Tue,8,0,35.0
6,2019,1,1,Tue,9,0,5.0
6,2019,1,1,Tue,9,0,15.0
6,2019,1,1,Tue,9,0,25.0
6,2019,1,1,Tue,9,0,35.0
6,2019,1,1,Tue,10,0,5.0
6,2019,1,1,Tue,10,0,15.0
6,2019,1,1,Tue,10,0,25.0
6,2019,1,1,Tue,10,0,35.0
6,2019,1,1,Tue,11,0,5.0
6,2019,1,1,Tue,11,0,15.0
6,2019,1,1,Tue,11,0,25.0
6,2019,1,1,Tue,11,0,35.0
6,2019,1,1,Tue,12,0,5.0
6,2019,1,1,Tue,12,0,15.0
6,2019,1,1,Tue,12,0,25.0
6,2019,1,1,Tue,12,0,35.0
6,2019,1,1,Tue,13,0,5.0
6,2019,1,1,Tue,13,0,15.0
6,2019,1,1,Tue,13,0,25.0
6,2019,1,1,Tue,13,0,35.0
6,2019,1,1,Tue,14,0,5.0
6,2019,1,1,Tue,14,0,15.0
6,2019,1,1,Tue,14,0,25.0
6,2019,1,1,Tue,14,0,35.0
6,2019,1,1,Tue,15,0,5.0
6,2019,1,1,Tue,15,0,15.0
6,2019,1,1,Tue,15,0,25.0
6,2019,1,1,Tue,15,0,35.0
6,2019,1,1,Tue,16,0,5.0
6,2019,1,1,Tue,16,0,15.0
6,2019,1,1,Tue,16,0,25.0
6,2019,1,1,Tue,16,0,35.0
6,2019,1,1,Tue,17,0,5.0
6,2019,1,1,Tue,17,0,15.0
6,2019,1,1,Tue,17,0,25.0
6,2019,1,1,Tue,17,0,35.0
6,2019,1,1,Tue,18,0,5.0
6,2019,1,1,Tue,18,0,15.0
6,2019,1,1,Tue,18,0,25.0
6,2019,1,1,Tue,18,0,35.0
6,2019,1,1,Tue,19,0,5.0
6,2019,1,1,Tue,19,0,15.0
6,2019,1,1,Tue,19,0,25.0
6,2019,1,1,Tue,19,0,35.0
6,2019,1,1,Tue,20,0,5.0
6,2019,1,1,Tue,20,0,15.0
6,2019,1,1,Tue,20,0,25.0
6,2019,1,1,Tue,20,0,35.0
6,2019,1,1,Tue,21,0,5.0
6,2019,1,1,Tue,21,0,15.0
6,2019,1,1,Tue,21,0,25.0
6,2019,1,1,Tue,21,0,35.0
6,2019,1,1,Tue,22,0,5.0
6,2019,1,1,Tue,22,0,15.0
6,2019,1,1,Tue,22,0,25.0
6,2019,1,1,Tue,22,0,35.0
6,2019,1,1,Tue,23,0,5.0
6,2019,1,1,Tue,23,0,15.0
6,2019,1,1,Tue,23,0,25.0
6,2019,1,1,Tue,23,0,35.0
7,2019,1,1,Tue,0,0,5.0
7,2019,1,1,Tue,0,0,15.0
7,2019,1,1,Tue,0,0,25.0
7,2019,1,1,Tue,0,0,35.0
7,2019,1,1,Tue,1,0,5.0
7,2019,1,1,Tue,1,0,15.0
7,2019,1,1,Tue,1,0,25.0
7,2019,1,1,Tue,1,0,35.0
7,2019,1,1,Tue,2,0,5.0
7,2019,1,1,Tue,2,0,15.0
7,2019,1,1,Tue,2,0,25.0
7,2019,1,1,Tue,2,0,35.0
7,2019,1,1,Tue,3,0,5.0
7,2019,1,1,Tue,3,0,15.0
7,2019,1,1,Tue,3,0,25.0
7,2019,1,1,Tue,3,0,35.0
7,2019,1,1,Tue,4,0,5.0
7,2019,1,1,Tue,4,0,15.0
7,2019,1,1,Tue,4,0,25.0
7,2019,1,1,Tue,4,0,35.0
7,2019,1,1,Tue,5,0,5.0
7,2019,1,1,Tue,5,0,15.0
7,2019,1,1,Tue,5,0,25.0
7,2019,1,1,Tue,5,0,35.0
7,2019,1,1,Tue,6,0,5.0
7,2019,1,1,Tue,6,0,15.0
7,2019,1,1,Tue,6,0,25.0
7,2019,1,1,Tue,6,0,35.0
7,2019,1,1,Tue,7,0,5.0
7,2019,1,1,Tue,7,0,15.0
7,2019,1,1,Tue,7,0,25.0
7,2019,1,1,Tue,7,0,35.0
7,2019,1,1,Tue,8,0,5.0
7,2019,1,1,Tue,8,0,15.0
7,2019,1,1,Tue,8,0,25.0
7,2019,1,1,Tue,8,0,35.0
7,2019,1,1,Tue,9,0,5.0
7,2019,1,1,Tue,9,0,15.0
7,2019,1,1,Tue,9,0,25.0
7,2019,1,1,Tue,9,0,35.0
7,2019,1,1,Tue,10,0,5.0
7,2019,1,1,Tue,10,0,15.0
7,2019,1,1,Tue,10,0,25.0
7,2019,1,1,Tue,10,0,35.0
7,2019,1,1,Tue,11,0,5.0
7,2019,1,1,Tue,11,0,15.0
7,2019,1,1,Tue,11,0,25.0
7,2019,1,1,Tue,11,0,35.0
7,2019,1,1,Tue,12,0,5.0
7,2019,1,1,Tue,12,0,15.0
7,2019,1,1,Tue,12,0,25.0
7,2019,1,1,Tue,12,0,35.0
7,2019,1,1,Tue,13,0,5.0
7,2019,1,1,Tue,13,0,15.0
7,2019,1,1,Tue,13,0,25.0
7,2019,1,1,Tue,13,0,35.0
7,2019,1,1,Tue,14,0,5.0
7,2019,1,1,Tue,14,0,15.0
7,2019,1,1,Tue,14,0,25.0
7,2019,1,1,Tue,14,0,35.0
7,2019,1,1,Tue,15,0,5.0
7,2019,1,1,Tue,15,0,15.0
7,2019,1,1,Tue,15,0,25.0
7,2019,1,1,Tue,15,0,35.0
7,2019,1,1,Tue,16,0,5.0
7,2019,1,1,Tue,16,0,15.0
7,2019,1,1,Tue,16,0,25.0
7,2019,1,1,Tue,16,0,35.0
7,2019,1,1,Tue,17,0,5.0
7,2019,1,1,Tue,17,0,15.0
7,2019,1,1,Tue,17,0,25.0
7,2019,1,1,Tue,17,0,35.0
7,2019,1,1,Tue,18,0,5.0
7,2019,1,1,Tue,18,0,15.0
7,2019,1,1,Tue,18,0,25.0
7,2019,1,1,Tue,18,0,35.0
7,2019,1,1,Tue,19,0,5.0
7,2019,1,1,Tue,19,0,15.0
7,2019,1,1,Tue,19,0,25.0
7,2019,1,1,Tue,19,0,35.0
7,2019,1,1,Tue,20,0,5.0
7,2019,1,1,Tue,20,0,15.0
7,2019,1,1,Tue,20,0,25.0
7,2019,1,1,Tue,20,0,35.0
7,2019,1,1,Tue,21,0,5.0
7,2019,1,1,Tue,21,0,15.0
7,2019,1,1,Tue,21,0,25.0
7,2019,1,1,Tue,21,0,35.0
7,2019,1,1,Tue,22,0,5.0
7,2019,1,1,Tue,22,0,15.0
7,2019,1,1,Tue,22,0,25.0
7,2019,1,1,Tue,22,0,35.0
7,2019,1,1,Tue,23,0,5.0
7,2019,1,1,Tue,23,0,15.0
7,2019,1,1,Tue,23,0,25.0
7,2019,1,1,Tue,23,0,35.0
8,2019,1,1,Tue,0,36,5.0
8,2019,1,1,Tue,0,35,15.0
8,2019,1,1,Tue,0,36,25.0
8,2019,1,1,Tue,0,36,35.0
8,2019,1,1,Tue,1,30,5.0
8,2019,1,1,Tue,1,29,15.0
8,2019,1,1,Tue,1,28,25.0
8,2019,1,1,Tue,1,28,35.0
8,2019,1,1,Tue,2,28,5.0
8,2019,1,1,Tue,2,26,15.0
8,2019,1,1,Tue,2,25,25.0
8,2019,1,1,Tue,2,25,35.0
8,2019,1,1,Tue,3,23,5.0
8,2019,1,1,Tue,3,24,15.0
8,2019,1,1,Tue,3,24,25.0
8,2019,1,1,Tue,3,25,35.0
8,2019,1,1,Tue,4,24,5.0
8,2019,1,1,Tue,4,25,15.0
8,2019,1,1,Tue,4,25,25.0
8,2019,1,1,Tue,4,26,35.0
8,2019,1,1,Tue,5,23,5.0
8,2019,1,1,Tue,5,23,15.0
8,2019,1,1,Tue,5,23,25.0
8,2019,1,1,Tue,5,23,35.0
8,2019,1,1,Tue,6,23,5.0
8,2019,1,1,Tue,6,23,15.0
8,2019,1,1,Tue,6,23,25.0
8,2019,1,1,Tue,6,23,35.0
8,2019,1,1,Tue,7,21,5.0
8,2019,1,1,Tue,7,22,15.0
8,2019,1,1,Tue,7,23,25.0
8,2019,1,1,Tue,7,23,35.0
8,2019,1,1,Tue,8,20,5.0
8,2019,1,1,Tue,8,20,15.0
8,2019,1,1,Tue,8,20,25.0
8,2019,1,1,Tue,8,20,35.0
8,2019,1,1,Tue,9,13,5.0
8,2019,1,1,Tue,9,13,15.0
8,2019,1,1,Tue,9,13,25.0
8,2019,1,1,Tue,9,13,35.0
8,2019,1,1,Tue,10,10,5.0
8,2019,1,1,Tue,10,9,15.0
8,2019,1,1,Tue,10,9,25.0
8,2019,1,1,Tue,10,9,35.0
8,2019,1,1,Tue,11,7,5.0
8,2019,1,1,Tue,11,7,15.0
8,2019,1,1,Tue,11,7,25.0
8,2019,1,1,Tue,11,7,35.0
8,2019,1,1,Tue,12,9,5.0
8,2019,1,1,Tue,12,8,15.0
8,2019,1,1,Tue,12,8,25.0
8,2019,1,1,Tue,12,7,35.0
8,2019,1,1,Tue,13,10,5.0
8,2019,1,1,Tue,13,10,15.0
8,2019,1,1,Tue,13,10,25.0
8,2019,1,1,Tue,13,9,35.0
8,2019,1,1,Tue,14,15,5.0
8,2019,1,1,Tue,14,15,15.0
8,2019,1,1,Tue,14,15,25.0
8,2019,1,1,Tue,14,14,35.0
8,2019,1,1,Tue,15,18,5.0
8,2019,1,1,Tue,15,18,15.0
8,2019,1,1,Tue,15,18,25.0
8,2019,1,1,Tue,15,18,35.0
8,2019,1,1,Tue,16,19,5.0
8,2019,1,1,Tue,16,18,15.0
8,2019,1,1,Tue,16,17,25.0
8,2019,1,1,Tue,16,17,35.0
8,2019,1,1,Tue,17,23,5.0
8,2019,1,1,Tue,17,21,15.0
8,2019,1,1,Tue,17,19,25.0
8,2019,1,1,Tue,17,18,35.0
8,2019,1,1,Tue,18,29,5.0
8,2019,1,1,Tue,18,28,15.0
8,2019,1,1,Tue,18,28,25.0
8,2019,1,1,Tue,18,28,35.0
8,2019,1,1,Tue,19,34,5.0
8,2019,1,1,Tue,19,33,15.0
8,2019,1,1,Tue,19,33,25.0
8,2019,1,1,Tue,19,35,35.0
8,2019,1,1,Tue,20,32,5.0
8,2019,1,1,Tue,20,31,15.0
8,2019,1,1,Tue,20,31,25.0
8,2019,1,1,Tue,20,33,35.0
8,2019,1,1,Tue,21,32,5.0
8,2019,1,1,Tue,21,32,15.0
8,2019,1,1,Tue,21,32,25.0
8,2019,1,1,Tue,21,34,35.0
8,2019,1,1,Tue,22,32,5.0
8,2019,1,1,Tue,22,32,15.0
8,2019,1,1,Tue,22,32,25.0
8,2019,1,1,Tue,22,33,35.0
8,2019,1,1,Tue,23,27,5.0
8,2019,1,1,Tue,23,26,15.0
8,2019,1,1,Tue,23,26,25.0
8,2019,1,1,Tue,23,26,35.0
9,2019,1,1,Tue,0,28,5.0
9,2019,1,1,Tue,0,27,15.0
9,2019,1,1,Tue,0,27,25.0
9,2019,1,1,Tue,0,27,35.0
9,2019,1,1,Tue,1,28,5.0
9,2019,1,1,Tue,1,27,15.0
9,2019,1,1,Tue,1,25,25.0
9,2019,1,1,Tue,1,23,35.0
9,2019,1,1,Tue,2,22,5.0
9,2019,1,1,Tue,2,21,15.0
9,2019,1,1,Tue,2,20,25.0
9,2019,1,1,Tue,2,19,35.0
9,2019,1,1,Tue,3,20,5.0
9,2019,1,1,Tue,3,20,15.0
9,2019,1,1,Tue,3,20,25.0
9,2019,1,1,Tue,3,20,35.0
9,2019,1,1,Tue,4,21,5.0
9,2019,1,1,Tue,4,20,15.0
9,2019,1,1,Tue,4,20,25.0
9,2019,1,1,Tue,4,20,35.0
9,2019,1,1,Tue,5,23,5.0
9,2019,1,1,Tue,5,22,15.0
9,2019,1,1,Tue,5,20,25.0
9,2019,1,1,Tue,5,19,35.0
9,2019,1,1,Tue,6,20,5.0
9,2019,1,1,Tue,6,19,15.0
9,2019,1,1,Tue,6,18,25.0
9,2019,1,1,Tue,6,17,35.0
9,2019,1,1,Tue,7,16,5.0
9,2019,1,1,Tue,7,16,15.0
9,2019,1,1,Tue,7,16,25.0
9,2019,1,1,Tue,7,17,35.0
9,2019,1,1,Tue,8,14,5.0
9,2019,1,1,Tue,8,14,15.0
9,2019,1,1,Tue,8,13,25.0
9,2019,1,1,Tue,8,13,35.0
9,2019,1,1,Tue,9,10,5.0
9,2019,1,1,Tue,9,10,15.0
9,2019,1,1,Tue,9,10,25.0
9,2019,1,1,Tue,9,10,35.0
9,2019,1,1,Tue,10,7,5.0
9,2019,1,1,Tue,10,7,15.0
9,2019,1,1,Tue,10,7,25.0
9,2019,1,1,Tue,10,7,35.0
9,2019,1,1,Tue,11,5,5.0
9,2019,1,1,Tue,11,5,15.0
9,2019,1,1,Tue,11,6,25.0
9,2019,1,1,Tue,11,6,35.0
9,2019,1,1,Tue,12,7,5.0
9,2019,1,1,Tue,12,7,15.0
9,2019,1,1,Tue,12,7,25.0
9,2019,1,1,Tue,12,7,35.0
9,2019,1,1,Tue,13,6,5.0
9,2019,1,1,Tue,13,6,15.0
9,2019,1,1,Tue,13,5,25.0
9,2019,1,1,Tue,13,5,35.0
9,2019,1,1,Tue,14,11,5.0
9,2019,1,1,Tue,14,11,15.0
9,2019,1,1,Tue,14,10,25.0
9,2019,1,1,Tue,14,10,35.0
9,2019,1,1,Tue,15,16,5.0
9,2019,1,1,Tue,15,16,15.0
9,2019,1,1,Tue,15,16,25.0
9,2019,1,1,Tue,15,16,35.0
9,2019,1,1,Tue,16,14,5.0
9,2019,1,1,Tue,16,14,15.0
9,2019,1,1,Tue,16,14,25.0
9,2019,1,1,Tue,16,14,35.0
9,2019,1,1,Tue,17,15,5.0
9,2019,1,1,Tue,17,14,15.0
9,2019,1,1,Tue,17,13,25.0
9,2019,1,1,Tue,17,13,35.0
9,2019,1,1,Tue,18,20,5.0
9,2019,1,1,Tue,18,20,15.0
9,2019,1,1,Tue,18,19,25.0
9,2019,1,1,Tue,18,19,35.0
9,2019,1,1,Tue,19,21,5.0
9,2019,1,1,Tue,19,21,15.0
9,2019,1,1,Tue,19,20,25.0
9,2019,1,1,Tue,19,20,35.0
9,2019,1,1,Tue,20,20,5.0
9,2019,1,1,Tue,20,20,15.0
9,2019,1,1,Tue,20,19,25.0
9,2019,1,1,Tue,20,19,35.0
9,2019,1,1,Tue,21,21,5.0
9,2019,1,1,Tue,21,21,15.0
9,2019,1,1,Tue,21,20,25.0
9,2019,1,1,Tue,21,20,35.0
9,2019,1,1,Tue,22,22,5.0
9,2019,1,1,Tue,22,21,15.0
9,2019,1,1,Tue,22,21,25.0
9,2019,1,1,Tue,22,21,35.0
9,2019,1,1,Tue,23,19,5.0
9,2019,1,1,Tue,23,19,15.0
9,2019,1,1,Tue,23,18,25.0
9,2019,1,1,Tue,23,18,35.0
10,2019,1,1,Tue,0,35,5.0
10,2019,1,1,Tue,0,36,15.0
10,2019,1,1,Tue,0,37,25.0
10,2019,1,1,Tue,0,36,35.0
10,2019,1,1,Tue,1,40,5.0
10,2019,1,1,Tue,1,40,15.0
10,2019,1,1,Tue,1,40,25.0
10,2019,1,1,Tue,1,41,35.0
10,2019,1,1,Tue,2,36,5.0
10,2019,1,1,Tue,2,36,15.0
10,2019,1,1,Tue,2,35,25.0
10,2019,1,1,Tue,2,36,35.0
10,2019,1,1,Tue,3,26,5.0
10,2019,1,1,Tue,3,26,15.0
10,2019,1,1,Tue,3,27,25.0
10,2019,1,1,Tue,3,27,35.0
10,2019,1,1,Tue,4,24,5.0
10,2019,1,1,Tue,4,24,15.0
10,2019,1,1,Tue,4,24,25.0
10,2019,1,1,Tue,4,24,35.0
10,2019,1,1,Tue,5,25,5.0
10,2019,1,1,Tue,5,25,15.0
10,2019,1,1,Tue,5,25,25.0
10,2019,1,1,Tue,5,24,35.0
10,2019,1,1,Tue,6,19,5.0
10,2019,1,1,Tue,6,19,15.0
10,2019,1,1,Tue,6,19,25.0
10,2019,1,1,Tue,6,19,35.0
10,2019,1,1,Tue,7,18,5.0
10,2019,1,1,Tue,7,18,15.0
10,2019,1,1,Tue,7,18,25.0
10,2019,1,1,Tue,7,17,35.0
10,2019,1,1,Tue,8,15,5.0
10,2019,1,1,Tue,8,14,15.0
10,2019,1,1,Tue,8,14,25.0
10,2019,1,1,Tue,8,13,35.0
10,2019,1,1,Tue,9,10,5.0
10,2019,1,1,Tue,9,9,15.0
10,2019,1,1,Tue,9,9,25.0
10,2019,1,1,Tue,9,8,35.0
10,2019,1,1,Tue,10,7,5.0
10,2019,1,1,Tue,10,7,15.0
10,2019,1,1,Tue,10,7,25.0
10,2019,1,1,Tue,10,6,35.0
10,2019,1,1,Tue,11,5,5.0
10,2019,1,1,Tue,11,5,15.0
10,2019,1,1,Tue,11,5,25.0
10,2019,1,1,Tue,11,5,35.0
10,2019,1,1,Tue,12,4,5.0
10,2019,1,1,Tue,12,3,15.0
10,2019,1,1,Tue,12,2,25.0
10,2019,1,1,Tue,12,2,35.0
10,2019,1,1,Tue,13,7,5.0
10,2019,1,1,Tue,13,7,15.0
10,2019,1,1,Tue,13,6,25.0
10,2019,1,1,Tue,13,6,35.0
10,2019,1,1,Tue,14,15,5.0
10,2019,1,1,Tue,14,14,15.0
10,2019,1,1,Tue,14,14,25.0
10,2019,1,1,Tue,14,13,35.0
10,2019,1,1,Tue,15,16,5.0
10,2019,1,1,Tue,15,16,15.0
10,2019,1,1,Tue,15,16,25.0
10,2019,1,1,Tue,15,16,35.0
10,2019,1,1,Tue,16,18,5.0
10,2019,1,1,Tue,16,17,15.0
10,2019,1,1,Tue,16,17,25.0
10,2019,1,1,Tue,16,17,35.0
10,2019,1,1,Tue,17,20,5.0
10,2019,1,1,Tue,17,18,15.0
10,2019,1,1,Tue,17,18,25.0
10,2019,1,1,Tue,17,18,35.0
10,2019,1,1,Tue,18,28,5.0
10,2019,1,1,Tue,18,27,15.0
10,2019,1,1,Tue,18,27,25.0
10,2019,1,1,Tue,18,27,35.0
10,2019,1,1,Tue,19,37,5.0
10,2019,1,1,Tue,19,36,15.0
10,2019,1,1,Tue,19,36,25.0
10,2019,1,1,Tue,19,37,35.0
10,2019,1,1,Tue,20,34,5.0
10,2019,1,1,Tue,20,33,15.0
10,2019,1,1,Tue,20,33,25.0
10,2019,1,1,Tue,20,33,35.0
10,2019,1,1,Tue,21,32,5.0
10,2019,1,1,Tue,21,31,15.0
10,2019,1,1,Tue,21,30,25.0
10,2019,1,1,Tue,21,30,35.0
10,2019,1,1,Tue,22,31,5.0
10,2019,1,1,Tue,22,30,15.0
10,2019,1,1,Tue,22,30,25.0
10,2019,1,1,Tue,22,30,35.0
10,2019,1,1,Tue,23,31,5.0
10,2019,1,1,Tue,23,30,15.0
10,2019,1,1,Tue,23,28,25.0
10,2019,1,1,Tue,23,27,35.0
11,2019,1,1,Tue,0,0,5.0
11,2019,1,1,Tue,0,0,15.0
11,2019,1,1,Tue,0,0,25.0
11,2019,1,1,Tue,0,0,35.0
11,2019,1,1,Tue,1,0,5.0
11,2019,1,1,Tue,1,0,15.0
11,2019,1,1,Tue,1,0,25.0
11,2019,1,1,Tue,1,0,35.0
11,2019,1,1,Tue,2,0,5.0
11,2019,1,1,Tue,2,0,15.0
11,2019,1,1,Tue,2,0,25.0
11,2019,1,1,Tue,2,0,35.0
11,2019,1,1,Tue,3,0,5.0
11,2019,1,1,Tue,3,0,15.0
11,2019,1,1,Tue,3,0,25.0
11,2019,1,1,Tue,3,0,35.0
11,2019,1,1,Tue,4,0,5.0
11,2019,1,1,Tue,4,0,15.0
11,2019,1,1,Tue,4,0,25.0
11,2019,1,1,Tue,4,0,35.0
11,2019,1,1,Tue,5,0,5.0
11,2019,1,1,Tue,5,0,15.0
11,2019,1,1,Tue,5,0,25.0
11,2019,1,1,Tue,5,0,35.0
11,2019,1,1,Tue,6,0,5.0
11,2019,1,1,Tue,6,0,15.0
11,2019,1,1,Tue,6,0,25.0
11,2019,1,1,Tue,6,0,35.0
11,2019,1,1,Tue,7,0,5.0
11,2019,1,1,Tue,7,0,15.0
11,2019,1,1,Tue,7,0,25.0
11,2019,1,1,Tue,7,0,35.0
11,2019,1,1,Tue,8,0,5.0
11,2019,1,1,Tue,8,0,15.0
11,2019,1,1,Tue,8,0,25.0
11,2019,1,1,Tue,8,0,35.0
11,2019,1,1,Tue,9,0,5.0
11,2019,1,1,Tue,9,0,15.0
11,2019,1,1,Tue,9,0,25.0
11,2019,1,1,Tue,9,0,35.0
11,2019,1,1,Tue,10,0,5.0
11,2019,1,1,Tue,10,0,15.0
11,2019,1,1,Tue,10,0,25.0
11,2019,1,1,Tue,10,0,35.0
11,2019,1,1,Tue,11,0,5.0
11,2019,1,1,Tue,11,0,15.0
11,2019,1,1,Tue,11,0,25.0
11,2019,1,1,Tue,11,0,35.0
11,2019,1,1,Tue,12,0,5.0
11,2019,1,1,Tue,12,0,15.0
11,2019,1,1,Tue,12,0,25.0
11,2019,1,1,Tue,12,0,35.0
11,2019,1,1,Tue,13,0,5.0
11,2019,1,1,Tue,13,0,15.0
11,2019,1,1,Tue,13,0,25.0
11,2019,1,1,Tue,13,0,35.0
11,2019,1,1,Tue,14,0,5.0
11,2019,1,1,Tue,14,0,15.0
11,2019,1,1,Tue,14,0,25.0
11,2019,1,1,Tue,14,0,35.0
11,2019,1,1,Tue,15,0,5.0
11,2019,1,1,Tue,15,0,15.0
11,2019,1,1,Tue,15,0,25.0
11,2019,1,1,Tue,15,0,35.0
11,2019,1,1,Tue,16,0,5.0
11,2019,1,1,Tue,16,0,15.0
11,2019,1,1,Tue,16,0,25.0
11,2019,1,1,Tue,16,0,35.0
11,2019,1,1,Tue,17,0,5.0
11,2019,1,1,Tue,17,0,15.0
11,2019,1,1,Tue,17,0,25.0
11,2019,1,1,Tue,17,0,35.0
11,2019,1,1,Tue,18,0,5.0
11,2019,1,1,Tue,18,0,15.0
11,2019,1,1,Tue,18,0,25.0
11,2019,1,1,Tue,18,0,35.0
11,2019,1,1,Tue,19,0,5.0
11,2019,1,1,Tue,19,0,15.0
11,2019,1,1,Tue,19,0,25.0
11,2019,1,1,Tue,19,0,35.0
11,2019,1,1,Tue,20,0,5.0
11,2019,1,1,Tue,20,0,15.0
11,2019,1,1,Tue,20,0,25.0
11,2019,1,1,Tue,20,0,35.0
11,2019,1,1,Tue,21,0,5.0
11,2019,1,1,Tue,21,0,15.0
11,2019,1,1,Tue,21,0,25.0
11,2019,1,1,Tue,21,0,35.0
11,2019,1,1,Tue,22,0,5.0
11,2019,1,1,Tue,22,0,15.0
11,2019,1,1,Tue,22,0,25.0
11,2019,1,1,Tue,22,0,35.0
11,2019,1,1,Tue,23,0,5.0
11,2019,1,1,Tue,23,0,15.0
11,2019,1,1,Tue,23,0,25.0
11,2019,1,1,Tue,23,0,35.0
12,2019,1,1,Tue,0,0,5.0
12,2019,1,1,Tue,0,0,15.0
12,2019,1,1,Tue,0,0,25.0
12,2019,1,1,Tue,0,0,35.0
12,2019,1,1,Tue,1,0,5.0
12,2019,1,1,Tue,1,0,15.0
12,2019,1,1,Tue,1,0,25.0
12,2019,1,1,Tue,1,0,35.0
12,2019,1,1,Tue,2,0,5.0
12,2019,1,1,Tue,2,0,15.0
12,2019,1,1,Tue,2,0,25.0
12,2019,1,1,Tue,2,0,35.0
12,2019,1,1,Tue,3,0,5.0
12,2019,1,1,Tue,3,0,15.0
12,2019,1,1,Tue,3,0,25.0
12,2019,1,1,Tue,3,0,35.0
12,2019,1,1,Tue,4,0,5.0
12,2019,1,1,Tue,4,0,15.0
12,2019,1,1,Tue,4,0,25.0
12,2019,1,1,Tue,4,0,35.0
12,2019,1,1,Tue,5,0,5.0
12,2019,1,1,Tue,5,0,15.0
12,2019,1,1,Tue,5,0,25.0
12,2019,1,1,Tue,5,0,35.0
12,2019,1,1,Tue,6,0,5.0
12,2019,1,1,Tue,6,0,15.0
12,2019,1,1,Tue,6,0,25.0
12,2019,1,1,Tue,6,0,35.0
12,2019,1,1,Tue,7,0,5.0
12,2019,1,1,Tue,7,0,15.0
12,2019,1,1,Tue,7,0,25.0
12,2019,1,1,Tue,7,0,35.0
12,2019,1,1,Tue,8,0,5.0
12,2019,1,1,Tue,8,0,15.0
12,2019,1,1,Tue,8,0,25.0
12,2019,1,1,Tue,8,0,35.0
12,2019,1,1,Tue,9,0,5.0
12,2019,1,1,Tue,9,0,15.0
12,2019,1,1,Tue,9,0,25.0
12,2019,1,1,Tue,9,0,35.0
12,2019,1,1,Tue,10,0,5.0
12,2019,1,1,Tue,10,0,15.0
12,2019,1,1,Tue,10,0,25.0
12,2019,1,1,Tue,10,0,35.0
12,2019,1,1,Tue,11,0,5.0
12,2019,1,1,Tue,11,0,15.0
12,2019,1,1,Tue,11,0,25.0
12,2019,1,1,Tue,11,0,35.0
12,2019,1,1,Tue,12,0,5.0
12,2019,1,1,Tue,12,0,15.0
12,2019,1,1,Tue,12,0,25.0
12,2019,1,1,Tue,12,0,35.0
12,2019,1,1,Tue,13,0,5.0
12,2019,1,1,Tue,13,0,15.0
12,2019,1,1,Tue,13,0,25.0
12,2019,1,1,Tue,13,0,35.0
12,2019,1,1,Tue,14,0,5.0
12,2019,1,1,Tue,14,0,15.0
12,2019,1,1,Tue,14,0,25.0
12,2019,1,1,Tue,14,0,35.0
12,2019,1,1,Tue,15,0,5.0
12,2019,1,1,Tue,15,0,15.0
12,2019,1,1,Tue,15,0,25.0
12,2019,1,1,Tue,15,0,35.0
12,2019,1,1,Tue,16,0,5.0
12,2019,1,1,Tue,16,0,15.0
12,2019,1,1,Tue,16,0,25.0
12,2019,1,1,Tue,16,0,35.0
12,2019,1,1,Tue,17,0,5.0
12,2019,1,1,Tue,17,0,15.0
12,2019,1,1,Tue,17,0,25.0
12,2019,1,1,Tue,17,0,35.0
12,2019,1,1,Tue,18,0,5.0
12,2019,1,1,Tue,18,0,15.0
12,2019,1,1,Tue,18,0,25.0
12,2019,1,1,Tue,18,0,35.0
12,2019,1,1,Tue,19,0,5.0
12,2019,1,1,Tue,19,0,15.0
12,2019,1,1,Tue,19,0,25.0
12,2019,1,1,Tue,19,0,35.0
12,2019,1,1,Tue,20,0,5.0
12,2019,1,1,Tue,20,0,15.0
12,2019,1,1,Tue,20,0,25.0
12,2019,1,1,Tue,20,0,35.0
12,2019,1,1,Tue,21,0,5.0
12,2019,1,1,Tue,21,0,15.0
12,2019,1,1,Tue,21,0,25.0
12,2019,1,1,Tue,21,0,35.0
12,2019,1,1,Tue,22,0,5.0
12,2019,1,1,Tue,22,0,15.0
12,2019,1,1,Tue,22,0,25.0
12,2019,1,1,Tue,22,0,35.0
12,2019,1,1,Tue,23,0,5.0
12,2019,1,1,Tue,23,0,15.0
12,2019,1,1,Tue,23,0,25.0
12,2019,1,1,Tue,23,0,35.0
13,2019,1,1,Tue,0,27,5.0
13,2019,1,1,Tue,0,27,15.0
13,2019,1,1,Tue,0,28,25.0
13,2019,1,1,Tue,0,29,35.0
13,2019,1,1,Tue,1,29,5.0
13,2019,1,1,Tue,1,29,15.0
13,2019,1,1,Tue,1,29,25.0
13,2019,1,1,Tue,1,30,35.0
13,2019,1,1,Tue,2,28,5.0
13,2019,1,1,Tue,2,29,15.0
13,2019,1,1,Tue,2,29,25.0
13,2019,1,1,Tue,2,30,35.0
13,2019,1,1,Tue,3,25,5.0
13,2019,1,1,Tue,3,26,15.0
13,2019,1,1,Tue,3,27,25.0
13,2019,1,1,Tue,3,28,35.0
13,2019,1,1,Tue,4,25,5.0
13,2019,1,1,Tue,4,25,15.0
13,2019,1,1,Tue,4,25,25.0
13,2019,1,1,Tue,4,25,35.0
13,2019,1,1,Tue,5,25,5.0
13,2019,1,1,Tue,5,25,15.0
13,2019,1,1,Tue,5,25,25.0
13,2019,1,1,Tue,5,26,35.0
13,2019,1,1,Tue,6,25,5.0
13,2019,1,1,Tue,6,25,15.0
13,2019,1,1,Tue,6,25,25.0
13,2019,1,1,Tue,6,26,35.0
13,2019,1,1,Tue,7,24,5.0
13,2019,1,1,Tue,7,24,15.0
13,2019,1,1,Tue,7,24,25.0
13,2019,1,1,Tue,7,24,35.0
13,2019,1,1,Tue,8,22,5.0
13,2019,1,1,Tue,8,22,15.0
13,2019,1,1,Tue,8,21,25.0
13,2019,1,1,Tue,8,21,35.0
13,2019,1,1,Tue,9,19,5.0
13,2019,1,1,Tue,9,19,15.0
13,2019,1,1,Tue,9,19,25.0
13,2019,1,1,Tue,9,18,35.0
13,2019,1,1,Tue,10,15,5.0
13,2019,1,1,Tue,10,15,15.0
13,2019,1,1,Tue,10,14,25.0
13,2019,1,1,Tue,10,13,35.0
13,2019,1,1,Tue,11,15,5.0
13,2019,1,1,Tue,11,14,15.0
13,2019,1,1,Tue,11,13,25.0
13,2019,1,1,Tue,11,13,35.0
13,2019,1,1,Tue,12,15,5.0
13,2019,1,1,Tue,12,15,15.0
13,2019,1,1,Tue,12,14,25.0
13,2019,1,1,Tue,12,14,35.0
13,2019,1,1,Tue,13,17,5.0
13,2019,1,1,Tue,13,16,15.0
13,2019,1,1,Tue,13,16,25.0
13,2019,1,1,Tue,13,16,35.0
13,2019,1,1,Tue,14,20,5.0
13,2019,1,1,Tue,14,20,15.0
13,2019,1,1,Tue,14,19,25.0
13,2019,1,1,Tue,14,19,35.0
13,2019,1,1,Tue,15,20,5.0
13,2019,1,1,Tue,15,19,15.0
13,2019,1,1,Tue,15,19,25.0
13,2019,1,1,Tue,15,18,35.0
13,2019,1,1,Tue,16,28,5.0
13,2019,1,1,Tue,16,28,15.0
13,2019,1,1,Tue,16,27,25.0
13,2019,1,1,Tue,16,27,35.0
13,2019,1,1,Tue,17,31,5.0
13,2019,1,1,Tue,17,30,15.0
13,2019,1,1,Tue,17,29,25.0
13,2019,1,1,Tue,17,29,35.0
13,2019,1,1,Tue,18,36,5.0
13,2019,1,1,Tue,18,36,15.0
13,2019,1,1,Tue,18,35,25.0
13,2019,1,1,Tue,18,36,35.0
13,2019,1,1,Tue,19,38,5.0
13,2019,1,1,Tue,19,38,15.0
13,2019,1,1,Tue,19,39,25.0
13,2019,1,1,Tue,19,39,35.0
13,2019,1,1,Tue,20,34,5.0
13,2019,1,1,Tue,20,34,15.0
13,2019,1,1,Tue,20,35,25.0
13,2019,1,1,Tue,20,36,35.0
13,2019,1,1,Tue,21,35,5.0
13,2019,1,1,Tue,21,35,15.0
13,2019,1,1,Tue,21,36,25.0
13,2019,1,1,Tue,21,37,35.0
13,2019,1,1,Tue,22,34,5.0
13,2019,1,1,Tue,22,34,15.0
13,2019,1,1,Tue,22,35,25.0
13,2019,1,1,Tue,22,35,35.0
13,2019,1,1,Tue,23,33,5.0
13,2019,1,1,Tue,23,33,15.0
13,2019,1,1,Tue,23,34,25.0
13,2019,1,1,Tue,23,34,35.0
14,2019,1,1,Tue,0,22,5.0
14,2019,1,1,Tue,0,22,15.0
14,2019,1,1,Tue,0,23,25.0
14,2019,1,1,Tue,0,23,35.0
14,2019,1,1,Tue,1,25,5.0
14,2019,1,1,Tue,1,25,15.0
14,2019,1,1,Tue,1,24,25.0
14,2019,1,1,Tue,1,24,35.0
14,2019,1,1,Tue,2,23,5.0
14,2019,1,1,Tue,2,23,15.0
14,2019,1,1,Tue,2,23,25.0
14,2019,1,1,Tue,2,24,35.0
14,2019,1,1,Tue,3,20,5.0
14,2019,1,1,Tue,3,20,15.0
14,2019,1,1,Tue,3,20,25.0
14,2019,1,1,Tue,3,21,35.0
14,2019,1,1,Tue,4,21,5.0
14,2019,1,1,Tue,4,20,15.0
14,2019,1,1,Tue,4,20,25.0
14,2019,1,1,Tue,4,20,35.0
14,2019,1,1,Tue,5,21,5.0
14,2019,1,1,Tue,5,21,15.0
14,2019,1,1,Tue,5,21,25.0
14,2019,1,1,Tue,5,21,35.0
14,2019,1,1,Tue,6,20,5.0
14,2019,1,1,Tue,6,20,15.0
14,2019,1,1,Tue,6,20,25.0
14,2019,1,1,Tue,6,20,35.0
14,2019,1,1,Tue,7,21,5.0
14,2019,1,1,Tue,7,20,15.0
14,2019,1,1,Tue,7,20,25.0
14,2019,1,1,Tue,7,20,35.0
14,2019,1,1,Tue,8,17,5.0
14,2019,1,1,Tue,8,16,15.0
14,2019,1,1,Tue,8,16,25.0
14,2019,1,1,Tue,8,15,35.0
14,2019,1,1,Tue,9,12,5.0
14,2019,1,1,Tue,9,12,15.0
14,2019,1,1,Tue,9,11,25.0
14,2019,1,1,Tue,9,10,35.0
14,2019,1,1,Tue,10,9,5.0
14,2019,1,1,Tue,10,9,15.0
14,2019,1,1,Tue,10,8,25.0
14,2019,1,1,Tue,10,8,35.0
14,2019,1,1,Tue,11,5,5.0
14,2019,1,1,Tue,11,5,15.0
14,2019,1,1,Tue,11,4,25.0
14,2019,1,1,Tue,11,4,35.0
14,2019,1,1,Tue,12,5,5.0
14,2019,1,1,Tue,12,5,15.0
14,2019,1,1,Tue,12,4,25.0
14,2019,1,1,Tue,12,4,35.0
14,2019,1,1,Tue,13,9,5.0
14,2019,1,1,Tue,13,8,15.0
14,2019,1,1,Tue,13,8,25.0
14,2019,1,1,Tue,13,8,35.0
14,2019,1,1,Tue,14,13,5.0
14,2019,1,1,Tue,14,13,15.0
14,2019,1,1,Tue,14,12,25.0
14,2019,1,1,Tue,14,11,35.0
14,2019,1,1,Tue,15,13,5.0
14,2019,1,1,Tue,15,13,15.0
14,2019,1,1,Tue,15,12,25.0
14,2019,1,1,Tue,15,12,35.0
14,2019,1,1,Tue,16,20,5.0
14,2019,1,1,Tue,16,20,15.0
14,2019,1,1,Tue,16,20,25.0
14,2019,1,1,Tue,16,20,35.0
14,2019,1,1,Tue,17,21,5.0
14,2019,1,1,Tue,17,20,15.0
14,2019,1,1,Tue,17,19,25.0
14,2019,1,1,Tue,17,18,35.0
14,2019,1,1,Tue,18,24,5.0
14,2019,1,1,Tue,18,24,15.0
14,2019,1,1,Tue,18,24,25.0
14,2019,1,1,Tue,18,24,35.0
14,2019,1,1,Tue,19,30,5.0
14,2019,1,1,Tue,19,29,15.0
14,2019,1,1,Tue,19,29,25.0
14,2019,1,1,Tue,19,29,35.0
14,2019,1,1,Tue,20,23,5.0
14,2019,1,1,Tue,20,23,15.0
14,2019,1,1,Tue,20,23,25.0
14,2019,1,1,Tue,20,24,35.0
14,2019,1,1,Tue,21,22,5.0
14,2019,1,1,Tue,21,22,15.0
14,2019,1,1,Tue,21,22,25.0
14,2019,1,1,Tue,21,23,35.0
14,2019,1,1,Tue,22,22,5.0
14,2019,1,1,Tue,22,22,15.0
14,2019,1,1,Tue,22,22,25.0
14,2019,1,1,Tue,22,22,35.0
14,2019,1,1,Tue,23,23,5.0
14,2019,1,1,Tue,23,23,15.0
14,2019,1,1,Tue,23,23,25.0
14,2019,1,1,Tue,23,23,35.0
15,2019,1,1,Tue,0,33,5.0
15,2019,1,1,Tue,0,32,15.0
15,2019,1,1,Tue,0,32,25.0
15,2019,1,1,Tue,0,32,35.0
15,2019,1,1,Tue,1,43,5.0
15,2019,1,1,Tue,1,41,15.0
15,2019,1,1,Tue,1,40,25.0
15,2019,1,1,Tue,1,39,35.0
15,2019,1,1,Tue,2,37,5.0
15,2019,1,1,Tue,2,36,15.0
15,2019,1,1,Tue,2,34,25.0
15,2019,1,1,Tue,2,34,35.0
15,2019,1,1,Tue,3,24,5.0
15,2019,1,1,Tue,3,24,15.0
15,2019,1,1,Tue,3,24,25.0
15,2019,1,1,Tue,3,25,35.0
15,2019,1,1,Tue,4,21,5.0
15,2019,1,1,Tue,4,21,15.0
15,2019,1,1,Tue,4,21,25.0
15,2019,1,1,Tue,4,21,35.0
15,2019,1,1,Tue,5,24,5.0
15,2019,1,1,Tue,5,23,15.0
15,2019,1,1,Tue,5,23,25.0
15,2019,1,1,Tue,5,23,35.0
15,2019,1,1,Tue,6,20,5.0
15,2019,1,1,Tue,6,20,15.0
15,2019,1,1,Tue,6,20,25.0
15,2019,1,1,Tue,6,20,35.0
15,2019,1,1,Tue,7,17,5.0
15,2019,1,1,Tue,7,17,15.0
15,2019,1,1,Tue,7,17,25.0
15,2019,1,1,Tue,7,17,35.0
15,2019,1,1,Tue,8,14,5.0
15,2019,1,1,Tue,8,14,15.0
15,2019,1,1,Tue,8,13,25.0
15,2019,1,1,Tue,8,13,35.0
15,2019,1,1,Tue,9,10,5.0
15,2019,1,1,Tue,9,9,15.0
15,2019,1,1,Tue,9,9,25.0
15,2019,1,1,Tue,9,9,35.0
15,2019,1,1,Tue,10,7,5.0
15,2019,1,1,Tue,10,7,15.0
15,2019,1,1,Tue,10,7,25.0
15,2019,1,1,Tue,10,7,35.0
15,2019,1,1,Tue,11,5,5.0
15,2019,1,1,Tue,11,5,15.0
15,2019,1,1,Tue,11,5,25.0
15,2019,1,1,Tue,11,5,35.0
15,2019,1,1,Tue,12,4,5.0
15,2019,1,1,Tue,12,3,15.0
15,2019,1,1,Tue,12,3,25.0
15,2019,1,1,Tue,12,2,35.0
15,2019,1,1,Tue,13,8,5.0
15,2019,1,1,Tue,13,8,15.0
15,2019,1,1,Tue,13,8,25.0
15,2019,1,1,Tue,13,7,35.0
15,2019,1,1,Tue,14,14,5.0
15,2019,1,1,Tue,14,13,15.0
15,2019,1,1,Tue,14,13,25.0
15,2019,1,1,Tue,14,12,35.0
15,2019,1,1,Tue,15,19,5.0
15,2019,1,1,Tue,15,19,15.0
15,2019,1,1,Tue,15,19,25.0
15,2019,1,1,Tue,15,18,35.0
15,2019,1,1,Tue,16,22,5.0
15,2019,1,1,Tue,16,22,15.0
15,2019,1,1,Tue,16,21,25.0
15,2019,1,1,Tue,16,21,35.0
15,2019,1,1,Tue,17,26,5.0
15,2019,1,1,Tue,17,25,15.0
15,2019,1,1,Tue,17,23,25.0
15,2019,1,1,Tue,17,22,35.0
15,2019,1,1,Tue,18,31,5.0
15,2019,1,1,Tue,18,30,15.0
15,2019,1,1,Tue,18,29,25.0
15,2019,1,1,Tue,18,29,35.0
15,2019,1,1,Tue,19,38,5.0
15,2019,1,1,Tue,19,37,15.0
15,2019,1,1,Tue,19,35,25.0
15,2019,1,1,Tue,19,35,35.0
15,2019,1,1,Tue,20,33,5.0
15,2019,1,1,Tue,20,31,15.0
15,2019,1,1,Tue,20,30,25.0
15,2019,1,1,Tue,20,29,35.0
15,2019,1,1,Tue,21,27,5.0
15,2019,1,1,Tue,21,26,15.0
15,2019,1,1,Tue,21,25,25.0
15,2019,1,1,Tue,21,25,35.0
15,2019,1,1,Tue,22,26,5.0
15,2019,1,1,Tue,22,25,15.0
15,2019,1,1,Tue,22,24,25.0
15,2019,1,1,Tue,22,23,35.0
15,2019,1,1,Tue,23,25,5.0
15,2019,1,1,Tue,23,24,15.0
15,2019,1,1,Tue,23,23,25.0
15,2019,1,1,Tue,23,23,35.0
16,2019,1,1,Tue,0,0,5.0
16,2019,1,1,Tue,0,0,15.0
16,2019,1,1,Tue,0,0,25.0
16,2019,1,1,Tue,0,0,35.0
16,2019,1,1,Tue,1,0,5.0
16,2019,1,1,Tue,1,0,15.0
16,2019,1,1,Tue,1,0,25.0
16,2019,1,1,Tue,1,0,35.0
16,2019,1,1,Tue,2,0,5.0
16,2019,1,1,Tue,2,0,15.0
16,2019,1,1,Tue,2,0,25.0
16,2019,1,1,Tue,2,0,35.0
16,2019,1,1,Tue,3,0,5.0
16,2019,1,1,Tue,3,0,15.0
16,2019,1,1,Tue,3,0,25.0
16,2019,1,1,Tue,3,0,35.0
16,2019,1,1,Tue,4,0,5.0
16,2019,1,1,Tue,4,0,15.0
16,2019,1,1,Tue,4,0,25.0
16,2019,1,1,Tue,4,0,35.0
16,2019,1,1,Tue,5,0,5.0
16,2019,1,1,Tue,5,0,15.0
16,2019,1,1,Tue,5,0,25.0
16,2019,1,1,Tue,5,0,35.0
16,2019,1,1,Tue,6,0,5.0
16,2019,1,1,Tue,6,0,15.0
16,2019,1,1,Tue,6,0,25.0
16,2019,1,1,Tue,6,0,35.0
16,2019,1,1,Tue,7,0,5.0
16,2019,1,1,Tue,7,0,15.0
16,2019,1,1,Tue,7,0,25.0
16,2019,1,1,Tue,7,0,35.0
16,2019,1,1,Tue,8,0,5.0
16,2019,1,1,Tue,8,0,15.0
16,2019,1,1,Tue,8,0,25.0
16,2019,1,1,Tue,8,0,35.0
16,2019,1,1,Tue,9,0,5.0
16,2019,1,1,Tue,9,0,15.0
16,2019,1,1,Tue,9,0,25.0
16,2019,1,1,Tue,9,0,35.0
16,2019,1,1,Tue,10,0,5.0
16,2019,1,1,Tue,10,0,15.0
16,2019,1,1,Tue,10,0,25.0
16,2019,1,1,Tue,10,0,35.0
16,2019,1,1,Tue,11,0,5.0
16,2019,1,1,Tue,11,0,15.0
16,2019,1,1,Tue,11,0,25.0
16,2019,1,1,Tue,11,0,35.0
16,2019,1,1,Tue,12,0,5.0
16,2019,1,1,Tue,12,0,15.0
16,2019,1,1,Tue,12,0,25.0
16,2019,1,1,Tue,12,0,35.0
16,2019,1,1,Tue,13,0,5.0
16,2019,1,1,Tue,13,0,15.0
16,2019,1,1,Tue,13,0,25.0
16,2019,1,1,Tue,13,0,35.0
16,2019,1,1,Tue,14,0,5.0
16,2019,1,1,Tue,14,0,15.0
16,2019,1,1,Tue,14,0,25.0
16,2019,1,1,Tue,14,0,35.0
16,2019,1,1,Tue,15,0,5.0
16,2019,1,1,Tue,15,0,15.0
16,2019,1,1,Tue,15,0,25.0
16,2019,1,1,Tue,15,0,35.0
16,2019,1,1,Tue,16,0,5.0
16,2019,1,1,Tue,16,0,15.0
16,2019,1,1,Tue,16,0,25.0
16,2019,1,1,Tue,16,0,35.0
16,2019,1,1,Tue,17,0,5.0
16,2019,1,1,Tue,17,0,15.0
16,2019,1,1,Tue,17,0,25.0
16,2019,1,1,Tue,17,0,35.0
16,2019,1,1,Tue,18,0,5.0
16,2019,1,1,Tue,18,0,15.0
16,2019,1,1,Tue,18,0,25.0
16,2019,1,1,Tue,18,0,35.0
16,2019,1,1,Tue,19,0,5.0
16,2019,1,1,Tue,19,0,15.0
16,2019,1,1,Tue,19,0,25.0
16,2019,1,1,Tue,19,0,35.0
16,2019,1,1,Tue,20,0,5.0
16,2019,1,1,Tue,20,0,15.0
16,2019,1,1,Tue,20,0,25.0
16,2019,1,1,Tue,20,0,35.0
16,2019,1,1,Tue,21,0,5.0
16,2019,1,1,Tue,21,0,15.0
16,2019,1,1,Tue,21,0,25.0
16,2019,1,1,Tue,21,0,35.0
16,2019,1,1,Tue,22,0,5.0
16,2019,1,1,Tue,22,0,15.0
16,2019,1,1,Tue,22,0,25.0
16,2019,1,1,Tue,22,0,35.0
16,2019,1,1,Tue,23,0,5.0
16,2019,1,1,Tue,23,0,15.0
16,2019,1,1,Tue,23,0,25.0
16,2019,1,1,Tue,23,0,35.0
17,2019,1,1,Tue,0,0,5.0
17,2019,1,1,Tue,0,0,15.0
17,2019,1,1,Tue,0,0,25.0
17,2019,1,1,Tue,0,0,35.0
17,2019,1,1,Tue,1,0,5.0
17,2019,1,1,Tue,1,0,15.0
17,2019,1,1,Tue,1,0,25.0
17,2019,1,1,Tue,1,0,35.0
17,2019,1,1,Tue,2,0,5.0
17,2019,1,1,Tue,2,0,15.0
17,2019,1,1,Tue,2,0,25.0
17,2019,1,1,Tue,2,0,35.0
17,2019,1,1,Tue,3,0,5.0
17,2019,1,1,Tue,3,0,15.0
17,2019,1,1,Tue,3,0,25.0
17,2019,1,1,Tue,3,0,35.0
17,2019,1,1,Tue,4,0,5.0
17,2019,1,1,Tue,4,0,15.0
17,2019,1,1,Tue,4,0,25.0
17,2019,1,1,Tue,4,0,35.0
17,2019,1,1,Tue,5,0,5.0
17,2019,1,1,Tue,5,0,15.0
17,2019,1,1,Tue,5,0,25.0
17,2019,1,1,Tue,5,0,35.0
17,2019,1,1,Tue,6,0,5.0
17,2019,1,1,Tue,6,0,15.0
17,2019,1,1,Tue,6,0,25.0
17,2019,1,1,Tue,6,0,35.0
17,2019,1,1,Tue,7,0,5.0
17,2019,1,1,Tue,7,0,15.0
17,2019,1,1,Tue,7,0,25.0
17,2019,1,1,Tue,7,0,35.0
17,2019,1,1,Tue,8,0,5.0
17,2019,1,1,Tue,8,0,15.0
17,2019,1,1,Tue,8,0,25.0
17,2019,1,1,Tue,8,0,35.0
17,2019,1,1,Tue,9,0,5.0
17,2019,1,1,Tue,9,0,15.0
17,2019,1,1,Tue,9,0,25.0
17,2019,1,1,Tue,9,0,35.0
17,2019,1,1,Tue,10,0,5.0
17,2019,1,1,Tue,10,0,15.0
17,2019,1,1,Tue,10,0,25.0
17,2019,1,1,Tue,10,0,35.0
17,2019,1,1,Tue,11,0,5.0
17,2019,1,1,Tue,11,0,15.0
17,2019,1,1,Tue,11,0,25.0
17,2019,1,1,Tue,11,0,35.0
17,2019,1,1,Tue,12,0,5.0
17,2019,1,1,Tue,12,0,15.0
17,2019,1,1,Tue,12,0,25.0
17,2019,1,1,Tue,12,0,35.0
17,2019,1,1,Tue,13,0,5.0
17,2019,1,1,Tue,13,0,15.0
17,2019,1,1,Tue,13,0,25.0
17,2019,1,1,Tue,13,0,35.0
17,2019,1,1,Tue,14,0,5.0
17,2019,1,1,Tue,14,0,15.0
17,2019,1,1,Tue,14,0,25.0
17,2019,1,1,Tue,14,0,35.0
17,2019,1,1,Tue,15,0,5.0
17,2019,1,1,Tue,15,0,15.0
17,2019,1,1,Tue,15,0,25.0
17,2019,1,1,Tue,15,0,35.0
17,2019,1,1,Tue,16,0,5.0
17,2019,1,1,Tue,16,0,15.0
17,2019,1,1,Tue,16,0,25.0
17,2019,1,1,Tue,16,0,35.0
17,2019,1,1,Tue,17,0,5.0
17,2019,1,1,Tue,17,0,15.0
17,2019,1,1,Tue,17,0,25.0
17,2019,1,1,Tue,17,0,35.0
17,2019,1,1,Tue,18,0,5.0
17,2019,1,1,Tue,18,0,15.0
17,2019,1,1,Tue,18,0,25.0
17,2019,1,1,Tue,18,0,35.0
17,2019,1,1,Tue,19,0,5.0
17,2019,1,1,Tue,19,0,15.0
17,2019,1,1,Tue,19,0,25.0
17,2019,1,1,Tue,19,0,35.0
17,2019,1,1,Tue,20,0,5.0
17,2019,1,1,Tue,20,0,15.0
17,2019,1,1,Tue,20,0,25.0
17,2019,1,1,Tue,20,0,35.0
17,2019,1,1,Tue,21,0,5.0
17,2019,1,1,Tue,21,0,15.0
17,2019,1,1,Tue,21,0,25.0
17,2019,1,1,Tue,21,0,35.0
17,2019,1,1,Tue,22,0,5.0
17,2019,1,1,Tue,22,0,15.0
17,2019,1,1,Tue,22,0,25.0
17,2019,1,1,Tue,22,0,35.0
17,2019,1,1,Tue,23,0,5.0
17,2019,1,1,Tue,23,0,15.0
17,2019,1,1,Tue,23,0,25.0
17,2019,1,1,Tue,23,0,35.0
18,2019,1,1,Tue,0,8,5.0
18,2019,1,1,Tue,0,7,15.0
18,2019,1,1,Tue,0,7,25.0
18,2019,1,1,Tue,0,7,35.0
18,2019,1,1,Tue,1,8,5.0
18,2019,1,1,Tue,1,8,15.0
18,2019,1,1,Tue,1,7,25.0
18,2019,1,1,Tue,1,7,35.0
18,2019,1,1,Tue,2,9,5.0
18,2019,1,1,Tue,2,8,15.0
18,2019,1,1,Tue,2,8,25.0
18,2019,1,1,Tue,2,7,35.0
18,2019,1,1,Tue,3,8,5.0
18,2019,1,1,Tue,3,8,15.0
18,2019,1,1,Tue,3,7,25.0
18,2019,1,1,Tue,3,7,35.0
18,2019,1,1,Tue,4,5,5.0
18,2019,1,1,Tue,4,5,15.0
18,2019,1,1,Tue,4,4,25.0
18,2019,1,1,Tue,4,3,35.0
18,2019,1,1,Tue,5,7,5.0
18,2019,1,1,Tue,5,6,15.0
18,2019,1,1,Tue,5,6,25.0
18,2019,1,1,Tue,5,5,35.0
18,2019,1,1,Tue,6,6,5.0
18,2019,1,1,Tue,6,5,15.0
18,2019,1,1,Tue,6,4,25.0
18,2019,1,1,Tue,6,4,35.0
18,2019,1,1,Tue,7,6,5.0
18,2019,1,1,Tue,7,5,15.0
18,2019,1,1,Tue,7,5,25.0
18,2019,1,1,Tue,7,4,35.0
18,2019,1,1,Tue,8,6,5.0
18,2019,1,1,Tue,8,6,15.0
18,2019,1,1,Tue,8,6,25.0
18,2019,1,1,Tue,8,5,35.0
18,2019,1,1,Tue,9,0,5.0
18,2019,1,1,Tue,9,1,15.0
18,2019,1,1,Tue,9,1,25.0
18,2019,1,1,Tue,9,1,35.0
18,2019,1,1,Tue,10,0,5.0
18,2019,1,1,Tue,10,0,15.0
18,2019,1,1,Tue,10,0,25.0
18,2019,1,1,Tue,10,0,35.0
18,2019,1,1,Tue,11,0,5.0
18,2019,1,1,Tue,11,0,15.0
18,2019,1,1,Tue,11,0,25.0
18,2019,1,1,Tue,11,0,35.0
18,2019,1,1,Tue,12,0,5.0
18,2019,1,1,Tue,12,0,15.0
18,2019,1,1,Tue,12,0,25.0
18,2019,1,1,Tue,12,0,35.0
18,2019,1,1,Tue,13,0,5.0
18,2019,1,1,Tue,13,0,15.0
18,2019,1,1,Tue,13,0,25.0
18,2019,1,1,Tue,13,0,35.0
18,2019,1,1,Tue,14,3,5.0
18,2019,1,1,Tue,14,3,15.0
18,2019,1,1,Tue,14,3,25.0
18,2019,1,1,Tue,14,3,35.0
18,2019,1,1,Tue,15,5,5.0
18,2019,1,1,Tue,15,5,15.0
18,2019,1,1,Tue,15,4,25.0
18,2019,1,1,Tue,15,4,35.0
18,2019,1,1,Tue,16,8,5.0
18,2019,1,1,Tue,16,7,15.0
18,2019,1,1,Tue,16,7,25.0
18,2019,1,1,Tue,16,7,35.0
18,2019,1,1,Tue,17,7,5.0
18,2019,1,1,Tue,17,7,15.0
18,2019,1,1,Tue,17,7,25.0
18,2019,1,1,Tue,17,6,35.0
18,2019,1,1,Tue,18,10,5.0
18,2019,1,1,Tue,18,9,15.0
18,2019,1,1,Tue,18,9,25.0
18,2019,1,1,Tue,18,8,35.0
18,2019,1,1,Tue,19,7,5.0
18,2019,1,1,Tue,19,7,15.0
18,2019,1,1,Tue,19,7,25.0
18,2019,1,1,Tue,19,7,35.0
18,2019,1,1,Tue,20,6,5.0
18,2019,1,1,Tue,20,6,15.0
18,2019,1,1,Tue,20,6,25.0
18,2019,1,1,Tue,20,7,35.0
18,2019,1,1,Tue,21,6,5.0
18,2019,1,1,Tue,21,7,15.0
18,2019,1,1,Tue,21,7,25.0
18,2019,1,1,Tue,21,8,35.0
18,2019,1,1,Tue,22,9,5.0
18,2019,1,1,Tue,22,9,15.0
18,2019,1,1,Tue,22,9,25.0
18,2019,1,1,Tue,22,9,35.0
18,2019,1,1,Tue,23,7,5.0
18,2019,1,1,Tue,23,8,15.0
18,2019,1,1,Tue,23,8,25.0
18,2019,1,1,Tue,23,8,35.0
19,2019,1,1,Tue,0,21,5.0
19,2019,1,1,Tue,0,21,15.0
19,2019,1,1,Tue,0,20,25.0
19,2019,1,1,Tue,0,20,35.0
19,2019,1,1,Tue,1,22,5.0
19,2019,1,1,Tue,1,21,15.0
19,2019,1,1,Tue,1,21,25.0
19,2019,1,1,Tue,1,21,35.0
19,2019,1,1,Tue,2,19,5.0
19,2019,1,1,Tue,2,18,15.0
19,2019,1,1,Tue,2,18,25.0
19,2019,1,1,Tue,2,17,35.0
19,2019,1,1,Tue,3,18,5.0
19,2019,1,1,Tue,3,18,15.0
19,2019,1,1,Tue,3,18,25.0
19,2019,1,1,Tue,3,18,35.0
19,2019,1,1,Tue,4,16,5.0
19,2019,1,1,Tue,4,15,15.0
19,2019,1,1,Tue,4,15,25.0
19,2019,1,1,Tue,4,15,35.0
19,2019,1,1,Tue,5,18,5.0
19,2019,1,1,Tue,5,18,15.0
19,2019,1,1,Tue,5,18,25.0
19,2019,1,1,Tue,5,18,35.0
19,2019,1,1,Tue,6,15,5.0
19,2019,1,1,Tue,6,15,15.0
19,2019,1,1,Tue,6,15,25.0
19,2019,1,1,Tue,6,14,35.0
19,2019,1,1,Tue,7,14,5.0
19,2019,1,1,Tue,7,13,15.0
19,2019,1,1,Tue,7,13,25.0
19,2019,1,1,Tue,7,13,35.0
19,2019,1,1,Tue,8,12,5.0
19,2019,1,1,Tue,8,12,15.0
19,2019,1,1,Tue,8,12,25.0
19,2019,1,1,Tue,8,11,35.0
19,2019,1,1,Tue,9,11,5.0
19,2019,1,1,Tue,9,10,15.0
19,2019,1,1,Tue,9,10,25.0
19,2019,1,1,Tue,9,10,35.0
19,2019,1,1,Tue,10,8,5.0
19,2019,1,1,Tue,10,8,15.0
19,2019,1,1,Tue,10,7,25.0
19,2019,1,1,Tue,10,7,35.0
19,2019,1,1,Tue,11,5,5.0
19,2019,1,1,Tue,11,5,15.0
19,2019,1,1,Tue,11,4,25.0
19,2019,1,1,Tue,11,4,35.0
19,2019,1,1,Tue,12,4,5.0
19,2019,1,1,Tue,12,4,15.0
19,2019,1,1,Tue,12,4,25.0
19,2019,1,1,Tue,12,3,35.0
19,2019,1,1,Tue,13,7,5.0
19,2019,1,1,Tue,13,7,15.0
19,2019,1,1,Tue,13,6,25.0
19,2019,1,1,Tue,13,6,35.0
19,2019,1,1,Tue,14,9,5.0
19,2019,1,1,Tue,14,9,15.0
19,2019,1,1,Tue,14,9,25.0
19,2019,1,1,Tue,14,8,35.0
19,2019,1,1,Tue,15,13,5.0
19,2019,1,1,Tue,15,12,15.0
19,2019,1,1,Tue,15,11,25.0
19,2019,1,1,Tue,15,11,35.0
19,2019,1,1,Tue,16,18,5.0
19,2019,1,1,Tue,16,17,15.0
19,2019,1,1,Tue,16,16,25.0
19,2019,1,1,Tue,16,16,35.0
19,2019,1,1,Tue,17,18,5.0
19,2019,1,1,Tue,17,17,15.0
19,2019,1,1,Tue,17,16,25.0
19,2019,1,1,Tue,17,15,35.0
19,2019,1,1,Tue,18,23,5.0
19,2019,1,1,Tue,18,23,15.0
19,2019,1,1,Tue,18,22,25.0
19,2019,1,1,Tue,18,22,35.0
19,2019,1,1,Tue,19,24,5.0
19,2019,1,1,Tue,19,23,15.0
19,2019,1,1,Tue,19,23,25.0
19,2019,1,1,Tue,19,23,35.0
19,2019,1,1,Tue,20,20,5.0
19,2019,1,1,Tue,20,20,15.0
19,2019,1,1,Tue,20,19,25.0
19,2019,1,1,Tue,20,20,35.0
19,2019,1,1,Tue,21,18,5.0
19,2019,1,1,Tue,21,19,15.0
19,2019,1,1,Tue,21,19,25.0
19,2019,1,1,Tue,21,19,35.0
19,2019,1,1,Tue,22,19,5.0
19,2019,1,1,Tue,22,19,15.0
19,2019,1,1,Tue,22,19,25.0
19,2019,1,1,Tue,22,19,35.0
19,2019,1,1,Tue,23,18,5.0
19,2019,1,1,Tue,23,18,15.0
19,2019,1,1,Tue,23,18,25.0
19,2019,1,1,Tue,23,18,35.0
20,2019,1,1,Tue,0,29,5.0
20,2019,1,1,Tue,0,28,15.0
20,2019,1,1,Tue,0,28,25.0
20,2019,1,1,Tue,0,28,35.0
20,2019,1,1,Tue,1,33,5.0
20,2019,1,1,Tue,1,33,15.0
20,2019,1,1,Tue,1,32,25.0
20,2019,1,1,Tue,1,31,35.0
20,2019,1,1,Tue,2,27,5.0
20,2019,1,1,Tue,2,28,15.0
20,2019,1,1,Tue,2,28,25.0
20,2019,1,1,Tue,2,28,35.0
20,2019,1,1,Tue,3,23,5.0
20,2019,1,1,Tue,3,23,15.0
20,2019,1,1,Tue,3,23,25.0
20,2019,1,1,Tue,3,23,35.0
20,2019,1,1,Tue,4,23,5.0
20,2019,1,1,Tue,4,23,15.0
20,2019,1,1,Tue,4,23,25.0
20,2019,1,1,Tue,4,23,35.0
20,2019,1,1,Tue,5,22,5.0
20,2019,1,1,Tue,5,22,15.0
20,2019,1,1,Tue,5,22,25.0
20,2019,1,1,Tue,5,23,35.0
20,2019,1,1,Tue,6,20,5.0
20,2019,1,1,Tue,6,20,15.0
20,2019,1,1,Tue,6,20,25.0
20,2019,1,1,Tue,6,21,35.0
20,2019,1,1,Tue,7,20,5.0
20,2019,1,1,Tue,7,20,15.0
20,2019,1,1,Tue,7,21,25.0
20,2019,1,1,Tue,7,22,35.0
20,2019,1,1,Tue,8,17,5.0
20,2019,1,1,Tue,8,17,15.0
20,2019,1,1,Tue,8,16,25.0
20,2019,1,1,Tue,8,15,35.0
20,2019,1,1,Tue,9,10,5.0
20,2019,1,1,Tue,9,10,15.0
20,2019,1,1,Tue,9,10,25.0
20,2019,1,1,Tue,9,10,35.0
20,2019,1,1,Tue,10,6,5.0
20,2019,1,1,Tue,10,6,15.0
20,2019,1,1,Tue,10,6,25.0
20,2019,1,1,Tue,10,6,35.0
20,2019,1,1,Tue,11,3,5.0
20,2019,1,1,Tue,11,3,15.0
20,2019,1,1,Tue,11,3,25.0
20,2019,1,1,Tue,11,3,35.0
20,2019,1,1,Tue,12,5,5.0
20,2019,1,1,Tue,12,4,15.0
20,2019,1,1,Tue,12,4,25.0
20,2019,1,1,Tue,12,4,35.0
20,2019,1,1,Tue,13,5,5.0
20,2019,1,1,Tue,13,4,15.0
20,2019,1,1,Tue,13,4,25.0
20,2019,1,1,Tue,13,3,35.0
20,2019,1,1,Tue,14,11,5.0
20,2019,1,1,Tue,14,11,15.0
20,2019,1,1,Tue,14,11,25.0
20,2019,1,1,Tue,14,10,35.0
20,2019,1,1,Tue,15,13,5.0
20,2019,1,1,Tue,15,13,15.0
20,2019,1,1,Tue,15,13,25.0
20,2019,1,1,Tue,15,13,35.0
20,2019,1,1,Tue,16,19,5.0
20,2019,1,1,Tue,16,19,15.0
20,2019,1,1,Tue,16,19,25.0
20,2019,1,1,Tue,16,19,35.0
20,2019,1,1,Tue,17,24,5.0
20,2019,1,1,Tue,17,23,15.0
20,2019,1,1,Tue,17,22,25.0
20,2019,1,1,Tue,17,22,35.0
20,2019,1,1,Tue,18,23,5.0
20,2019,1,1,Tue,18,23,15.0
20,2019,1,1,Tue,18,22,25.0
20,2019,1,1,Tue,18,22,35.0
20,2019,1,1,Tue,19,27,5.0
20,2019,1,1,Tue,19,27,15.0
20,2019,1,1,Tue,19,28,25.0
20,2019,1,1,Tue,19,28,35.0
20,2019,1,1,Tue,20,24,5.0
20,2019,1,1,Tue,20,24,15.0
20,2019,1,1,Tue,20,25,25.0
20,2019,1,1,Tue,20,26,35.0
20,2019,1,1,Tue,21,25,5.0
20,2019,1,1,Tue,21,25,15.0
20,2019,1,1,Tue,21,26,25.0
20,2019,1,1,Tue,21,26,35.0
20,2019,1,1,Tue,22,26,5.0
20,2019,1,1,Tue,22,26,15.0
20,2019,1,1,Tue,22,26,25.0
20,2019,1,1,Tue,22,26,35.0
20,2019,1,1,Tue,23,24,5.0
20,2019,1,1,Tue,23,24,15.0
20,2019,1,1,Tue,23,24,25.0
20,2019,1,1,Tue,23,25,35.0
21,2019,1,1,Tue,0,0,5.0
21,2019,1,1,Tue,0,0,15.0
21,2019,1,1,Tue,0,0,25.0
21,2019,1,1,Tue,0,0,35.0
21,2019,1,1,Tue,1,0,5.0
21,2019,1,1,Tue,1,0,15.0
21,2019,1,1,Tue,1,0,25.0
21,2019,1,1,Tue,1,0,35.0
21,2019,1,1,Tue,2,0,5.0
21,2019,1,1,Tue,2,0,15.0
21,2019,1,1,Tue,2,0,25.0
21,2019,1,1,Tue,2,0,35.0
21,2019,1,1,Tue,3,0,5.0
21,2019,1,1,Tue,3,0,15.0
21,2019,1,1,Tue,3,0,25.0
21,2019,1,1,Tue,3,0,35.0
21,2019,1,1,Tue,4,0,5.0
21,2019,1,1,Tue,4,0,15.0
21,2019,1,1,Tue,4,0,25.0
21,2019,1,1,Tue,4,0,35.0
21,2019,1,1,Tue,5,0,5.0
21,2019,1,1,Tue,5,0,15.0
21,2019,1,1,Tue,5,0,25.0
21,2019,1,1,Tue,5,0,35.0
21,2019,1,1,Tue,6,0,5.0
21,2019,1,1,Tue,6,0,15.0
21,2019,1,1,Tue,6,0,25.0
21,2019,1,1,Tue,6,0,35.0
21,2019,1,1,Tue,7,0,5.0
21,2019,1,1,Tue,7,0,15.0
21,2019,1,1,Tue,7,0,25.0
21,2019,1,1,Tue,7,0,35.0
21,2019,1,1,Tue,8,0,5.0
21,2019,1,1,Tue,8,0,15.0
21,2019,1,1,Tue,8,0,25.0
21,2019,1,1,Tue,8,0,35.0
21,2019,1,1,Tue,9,0,5.0
21,2019,1,1,Tue,9,0,15.0
21,2019,1,1,Tue,9,0,25.0
21,2019,1,1,Tue,9,0,35.0
21,2019,1,1,Tue,10,0,5.0
21,2019,1,1,Tue,10,0,15.0
21,2019,1,1,Tue,10,0,25.0
21,2019,1,1,Tue,10,0,35.0
21,2019,1,1,Tue,11,0,5.0
21,2019,1,1,Tue,11,0,15.0
21,2019,1,1,Tue,11,0,25.0
21,2019,1,1,Tue,11,0,35.0
21,2019,1,1,Tue,12,0,5.0
21,2019,1,1,Tue,12,0,15.0
21,2019,1,1,Tue,12,0,25.0
21,2019,1,1,Tue,12,0,35.0
21,2019,1,1,Tue,13,0,5.0
21,2019,1,1,Tue,13,0,15.0
21,2019,1,1,Tue,13,0,25.0
21,2019,1,1,Tue,13,0,35.0
21,2019,1,1,Tue,14,0,5.0
21,2019,1,1,Tue,14,0,15.0
21,2019,1,1,Tue,14,0,25.0
21,2019,1,1,Tue,14,0,35.0
21,2019,1,1,Tue,15,0,5.0
21,2019,1,1,Tue,15,0,15.0
21,2019,1,1,Tue,15,0,25.0
21,2019,1,1,Tue,15,0,35.0
21,2019,1,1,Tue,16,0,5.0
21,2019,1,1,Tue,16,0,15.0
21,2019,1,1,Tue,16,0,25.0
21,2019,1,1,Tue,16,0,35.0
21,2019,1,1,Tue,17,0,5.0
21,2019,1,1,Tue,17,0,15.0
21,2019,1,1,Tue,17,0,25.0
21,2019,1,1,Tue,17,0,35.0
21,2019,1,1,Tue,18,0,5.0
21,2019,1,1,Tue,18,0,15.0
21,2019,1,1,Tue,18,0,25.0
21,2019,1,1,Tue,18,0,35.0
21,2019,1,1,Tue,19,0,5.0
21,2019,1,1,Tue,19,0,15.0
21,2019,1,1,Tue,19,0,25.0
21,2019,1,1,Tue,19,0,35.0
21,2019,1,1,Tue,20,0,5.0
21,2019,1,1,Tue,20,0,15.0
21,2019,1,1,Tue,20,0,25.0
21,2019,1,1,Tue,20,0,35.0
21,2019,1,1,Tue,21,0,5.0
21,2019,1,1,Tue,21,0,15.0
21,2019,1,1,Tue,21,0,25.0
21,2019,1,1,Tue,21,0,35.0
21,2019,1,1,Tue,22,0,5.0
21,2019,1,1,Tue,22,0,15.0
21,2019,1,1,Tue,22,0,25.0
21,2019,1,1,Tue,22,0,35.0
21,2019,1,1,Tue,23,0,5.0
21,2019,1,1,Tue,23,0,15.0
21,2019,1,1,Tue,23,0,25.0
21,2019,1,1,Tue,23,0,35.0
22,2019,1,1,Tue,0,0,5.0
22,2019,1,1,Tue,0,0,15.0
22,2019,1,1,Tue,0,0,25.0
22,2019,1,1,Tue,0,0,35.0
22,2019,1,1,Tue,1,0,5.0
22,2019,1,1,Tue,1,0,15.0
22,2019,1,1,Tue,1,0,25.0
22,2019,1,1,Tue,1,0,35.0
22,2019,1,1,Tue,2,0,5.0
22,2019,1,1,Tue,2,0,15.0
22,2019,1,1,Tue,2,0,25.0
22,2019,1,1,Tue,2,0,35.0
22,2019,1,1,Tue,3,0,5.0
22,2019,1,1,Tue,3,0,15.0
22,2019,1,1,Tue,3,0,25.0
22,2019,1,1,Tue,3,0,35.0
22,2019,1,1,Tue,4,0,5.0
22,2019,1,1,Tue,4,0,15.0
22,2019,1,1,Tue,4,0,25.0
22,2019,1,1,Tue,4,0,35.0
22,2019,1,1,Tue,5,0,5.0
22,2019,1,1,Tue,5,0,15.0
22,2019,1,1,Tue,5,0,25.0
22,2019,1,1,Tue,5,0,35.0
22,2019,1,1,Tue,6,0,5.0
22,2019,1,1,Tue,6,0,15.0
22,2019,1,1,Tue,6,0,25.0
22,2019,1,1,Tue,6,0,35.0
22,2019,1,1,Tue,7,0,5.0
22,2019,1,1,Tue,7,0,15.0
22,2019,1,1,Tue,7,0,25.0
22,2019,1,1,Tue,7,0,35.0
22,2019,1,1,Tue,8,0,5.0
22,2019,1,1,Tue,8,0,15.0
22,2019,1,1,Tue,8,0,25.0
22,2019,1,1,Tue,8,0,35.0
22,2019,1,1,Tue,9,0,5.0
22,2019,1,1,Tue,9,0,15.0
22,2019,1,1,Tue,9,0,25.0
22,2019,1,1,Tue,9,0,35.0
22,2019,1,1,Tue,10,0,5.0
22,2019,1,1,Tue,10,0,15.0
22,2019,1,1,Tue,10,0,25.0
22,2019,1,1,Tue,10,0,35.0
22,2019,1,1,Tue,11,0,5.0
22,2019,1,1,Tue,11,0,15.0
22,2019,1,1,Tue,11,0,25.0
22,2019,1,1,Tue,11,0,35.0
22,2019,1,1,Tue,12,0,5.0
22,2019,1,1,Tue,12,0,15.0
22,2019,1,1,Tue,12,0,25.0
22,2019,1,1,Tue,12,0,35.0
22,2019,1,1,Tue,13,0,5.0
22,2019,1,1,Tue,13,0,15.0
22,2019,1,1,Tue,13,0,25.0
22,2019,1,1,Tue,13,0,35.0
22,2019,1,1,Tue,14,0,5.0
22,2019,1,1,Tue,14,0,15.0
22,2019,1,1,Tue,14,0,25.0
22,2019,1,1,Tue,14,0,35.0
22,2019,1,1,Tue,15,0,5.0
22,2019,1,1,Tue,15,0,15.0
22,2019,1,1,Tue,15,0,25.0
22,2019,1,1,Tue,15,0,35.0
22,2019,1,1,Tue,16,0,5.0
22,2019,1,1,Tue,16,0,15.0
22,2019,1,1,Tue,16,0,25.0
22,2019,1,1,Tue,16,0,35.0
22,2019,1,1,Tue,17,0,5.0
22,2019,1,1,Tue,17,0,15.0
22,2019,1,1,Tue,17,0,25.0
22,2019,1,1,Tue,17,0,35.0
22,2019,1,1,Tue,18,0,5.0
22,2019,1,1,Tue,18,0,15.0
22,2019,1,1,Tue,18,0,25.0
22,2019,1,1,Tue,18,0,35.0
22,2019,1,1,Tue,19,0,5.0
22,2019,1,1,Tue,19,0,15.0
22,2019,1,1,Tue,19,0,25.0
22,2019,1,1,Tue,19,0,35.0
22,2019,1,1,Tue,20,0,5.0
22,2019,1,1,Tue,20,0,15.0
22,2019,1,1,Tue,20,0,25.0
22,2019,1,1,Tue,20,0,35.0
22,2019,1,1,Tue,21,0,5.0
22,2019,1,1,Tue,21,0,15.0
22,2019,1,1,Tue,21,0,25.0
22,2019,1,1,Tue,21,0,35.0
22,2019,1,1,Tue,22,0,5.0
22,2019,1,1,Tue,22,0,15.0
22,2019,1,1,Tue,22,0,25.0
22,2019,1,1,Tue,22,0,35.0
22,2019,1,1,Tue,23,0,5.0
22,2019,1,1,Tue,23,0,15.0
22,2019,1,1,Tue,23,0,25.0
22,2019,1,1,Tue,23,0,35.0
23,2019,1,1,Tue,0,0,5.0
23,2019,1,1,Tue,0,0,15.0
23,2019,1,1,Tue,0,0,25.0
23,2019,1,1,Tue,0,0,35.0
23,2019,1,1,Tue,1,0,5.0
23,2019,1,1,Tue,1,0,15.0
23,2019,1,1,Tue,1,0,25.0
23,2019,1,1,Tue,1,0,35.0
23,2019,1,1,Tue,2,0,5.0
23,2019,1,1,Tue,2,0,15.0
23,2019,1,1,Tue,2,0,25.0
23,2019,1,1,Tue,2,0,35.0
23,2019,1,1,Tue,3,0,5.0
23,2019,1,1,Tue,3,0,15.0
23,2019,1,1,Tue,3,0,25.0
23,2019,1,1,Tue,3,0,35.0
23,2019,1,1,Tue,4,0,5.0
23,2019,1,1,Tue,4,0,15.0
23,2019,1,1,Tue,4,0,25.0
23,2019,1,1,Tue,4,0,35.0
23,2019,1,1,Tue,5,0,5.0
23,2019,1,1,Tue,5,0,15.0
23,2019,1,1,Tue,5,0,25.0
23,2019,1,1,Tue,5,0,35.0
23,2019,1,1,Tue,6,0,5.0
23,2019,1,1,Tue,6,0,15.0
23,2019,1,1,Tue,6,0,25.0
23,2019,1,1,Tue,6,0,35.0
23,2019,1,1,Tue,7,0,5.0
23,2019,1,1,Tue,7,0,15.0
23,2019,1,1,Tue,7,0,25.0
23,2019,1,1,Tue,7,0,35.0
23,2019,1,1,Tue,8,0,5.0
23,2019,1,1,Tue,8,0,15.0
23,2019,1,1,Tue,8,0,25.0
23,2019,1,1,Tue,8,0,35.0
23,2019,1,1,Tue,9,0,5.0
23,2019,1,1,Tue,9,0,15.0
23,2019,1,1,Tue,9,0,25.0
23,2019,1,1,Tue,9,0,35.0
23,2019,1,1,Tue,10,0,5.0
23,2019,1,1,Tue,10,0,15.0
23,2019,1,1,Tue,10,0,25.0
23,2019,1,1,Tue,10,0,35.0
23,2019,1,1,Tue,11,0,5.0
23,2019,1,1,Tue,11,0,15.0
23,2019,1,1,Tue,11,0,25.0
23,2019,1,1,Tue,11,0,35.0
23,2019,1,1,Tue,12,0,5.0
23,2019,1,1,Tue,12,0,15.0
23,2019,1,1,Tue,12,0,25.0
23,2019,1,1,Tue,12,0,35.0
23,2019,1,1,Tue,13,0,5.0
23,2019,1,1,Tue,13,0,15.0
23,2019,1,1,Tue,13,0,25.0
23,2019,1,1,Tue,13,0,35.0
23,2019,1,1,Tue,14,0,5.0
23,2019,1,1,Tue,14,0,15.0
23,2019,1,1,Tue,14,0,25.0
23,2019,1,1,Tue,14,0,35.0
23,2019,1,1,Tue,15,0,5.0
23,2019,1,1,Tue,15,0,15.0
23,2019,1,1,Tue,15,0,25.0
23,2019,1,1,Tue,15,0,35.0
23,2019,1,1,Tue,16,2,5.0
23,2019,1,1,Tue,16,2,15.0
23,2019,1,1,Tue,16,2,25.0
23,2019,1,1,Tue,16,1,35.0
23,2019,1,1,Tue,17,0,5.0
23,2019,1,1,Tue,17,0,15.0
23,2019,1,1,Tue,17,0,25.0
23,2019,1,1,Tue,17,0,35.0
23,2019,1,1,Tue,18,0,5.0
23,2019,1,1,Tue,18,0,15.0
23,2019,1,1,Tue,18,0,25.0
23,2019,1,1,Tue,18,0,35.0
23,2019,1,1,Tue,19,0,5.0
23,2019,1,1,Tue,19,0,15.0
23,2019,1,1,Tue,19,0,25.0
23,2019,1,1,Tue,19,0,35.0
23,2019,1,1,Tue,20,0,5.0
23,2019,1,1,Tue,20,0,15.0
23,2019,1,1,Tue,20,0,25.0
23,2019,1,1,Tue,20,0,35.0
23,2019,1,1,Tue,21,0,5.0
23,2019,1,1,Tue,21,0,15.0
23,2019,1,1,Tue,21,0,25.0
23,2019,1,1,Tue,21,0,35.0
23,2019,1,1,Tue,22,0,5.0
23,2019,1,1,Tue,22,0,15.0
23,2019,1,1,Tue,22,0,25.0
23,2019,1,1,Tue,22,0,35.0
23,2019,1,1,Tue,23,0,5.0
23,2019,1,1,Tue,23,0,15.0
23,2019,1,1,Tue,23,0,25.0
23,2019,1,1,Tue,23,0,35.0
24,2019,1,1,Tue,0,17,5.0
24,2019,1,1,Tue,0,17,15.0
24,2019,1,1,Tue,0,18,25.0
24,2019,1,1,Tue,0,19,35.0
24,2019,1,1,Tue,1,17,5.0
24,2019,1,1,Tue,1,18,15.0
24,2019,1,1,Tue,1,18,25.0
24,2019,1,1,Tue,1,19,35.0
24,2019,1,1,Tue,2,16,5.0
24,2019,1,1,Tue,2,16,15.0
24,2019,1,1,Tue,2,17,25.0
24,2019,1,1,Tue,2,17,35.0
24,2019,1,1,Tue,3,15,5.0
24,2019,1,1,Tue,3,15,15.0
24,2019,1,1,Tue,3,16,25.0
24,2019,1,1,Tue,3,16,35.0
24,2019,1,1,Tue,4,18,5.0
24,2019,1,1,Tue,4,18,15.0
24,2019,1,1,Tue,4,19,25.0
24,2019,1,1,Tue,4,19,35.0
24,2019,1,1,Tue,5,17,5.0
24,2019,1,1,Tue,5,18,15.0
24,2019,1,1,Tue,5,18,25.0
24,2019,1,1,Tue,5,18,35.0
24,2019,1,1,Tue,6,17,5.0
24,2019,1,1,Tue,6,18,15.0
24,2019,1,1,Tue,6,18,25.0
24,2019,1,1,Tue,6,18,35.0
24,2019,1,1,Tue,7,17,5.0
24,2019,1,1,Tue,7,17,15.0
24,2019,1,1,Tue,7,17,25.0
24,2019,1,1,Tue,7,17,35.0
24,2019,1,1,Tue,8,16,5.0
24,2019,1,1,Tue,8,16,15.0
24,2019,1,1,Tue,8,16,25.0
24,2019,1,1,Tue,8,16,35.0
24,2019,1,1,Tue,9,15,5.0
24,2019,1,1,Tue,9,14,15.0
24,2019,1,1,Tue,9,14,25.0
24,2019,1,1,Tue,9,13,35.0
24,2019,1,1,Tue,10,8,5.0
24,2019,1,1,Tue,10,7,15.0
24,2019,1,1,Tue,10,7,25.0
24,2019,1,1,Tue,10,6,35.0
24,2019,1,1,Tue,11,7,5.0
24,2019,1,1,Tue,11,6,15.0
24,2019,1,1,Tue,11,5,25.0
24,2019,1,1,Tue,11,5,35.0
24,2019,1,1,Tue,12,5,5.0
24,2019,1,1,Tue,12,5,15.0
24,2019,1,1,Tue,12,5,25.0
24,2019,1,1,Tue,12,5,35.0
24,2019,1,1,Tue,13,9,5.0
24,2019,1,1,Tue,13,9,15.0
24,2019,1,1,Tue,13,8,25.0
24,2019,1,1,Tue,13,8,35.0
24,2019,1,1,Tue,14,13,5.0
24,2019,1,1,Tue,14,13,15.0
24,2019,1,1,Tue,14,13,25.0
24,2019,1,1,Tue,14,13,35.0
24,2019,1,1,Tue,15,14,5.0
24,2019,1,1,Tue,15,14,15.0
24,2019,1,1,Tue,15,14,25.0
24,2019,1,1,Tue,15,15,35.0
24,2019,1,1,Tue,16,20,5.0
24,2019,1,1,Tue,16,20,15.0
24,2019,1,1,Tue,16,20,25.0
24,2019,1,1,Tue,16,21,35.0
24,2019,1,1,Tue,17,19,5.0
24,2019,1,1,Tue,17,19,15.0
24,2019,1,1,Tue,17,19,25.0
24,2019,1,1,Tue,17,20,35.0
24,2019,1,1,Tue,18,24,5.0
24,2019,1,1,Tue,18,24,15.0
24,2019,1,1,Tue,18,24,25.0
24,2019,1,1,Tue,18,25,35.0
24,2019,1,1,Tue,19,23,5.0
24,2019,1,1,Tue,19,24,15.0
24,2019,1,1,Tue,19,24,25.0
24,2019,1,1,Tue,19,25,35.0
24,2019,1,1,Tue,20,19,5.0
24,2019,1,1,Tue,20,19,15.0
24,2019,1,1,Tue,20,20,25.0
24,2019,1,1,Tue,20,21,35.0
24,2019,1,1,Tue,21,19,5.0
24,2019,1,1,Tue,21,19,15.0
24,2019,1,1,Tue,21,20,25.0
24,2019,1,1,Tue,21,22,35.0
24,2019,1,1,Tue,22,20,5.0
24,2019,1,1,Tue,22,20,15.0
24,2019,1,1,Tue,22,21,25.0
24,2019,1,1,Tue,22,22,35.0
24,2019,1,1,Tue,23,19,5.0
24,2019,1,1,Tue,23,19,15.0
24,2019,1,1,Tue,23,20,25.0
24,2019,1,1,Tue,23,21,35.0
25,2019,1,1,Tue,0,18,5.0
25,2019,1,1,Tue,0,18,15.0
25,2019,1,1,Tue,0,18,25.0
25,2019,1,1,Tue,0,18,35.0
25,2019,1,1,Tue,1,20,5.0
25,2019,1,1,Tue,1,20,15.0
25,2019,1,1,Tue,1,20,25.0
25,2019,1,1,Tue,1,21,35.0
25,2019,1,1,Tue,2,18,5.0
25,2019,1,1,Tue,2,18,15.0
25,2019,1,1,Tue,2,19,25.0
25,2019,1,1,Tue,2,19,35.0
25,2019,1,1,Tue,3,15,5.0
25,2019,1,1,Tue,3,15,15.0
25,2019,1,1,Tue,3,15,25.0
25,2019,1,1,Tue,3,16,35.0
25,2019,1,1,Tue,4,16,5.0
25,2019,1,1,Tue,4,17,15.0
25,2019,1,1,Tue,4,17,25.0
25,2019,1,1,Tue,4,17,35.0
25,2019,1,1,Tue,5,16,5.0
25,2019,1,1,Tue,5,15,15.0
25,2019,1,1,Tue,5,16,25.0
25,2019,1,1,Tue,5,16,35.0
25,2019,1,1,Tue,6,13,5.0
25,2019,1,1,Tue,6,13,15.0
25,2019,1,1,Tue,6,13,25.0
25,2019,1,1,Tue,6,14,35.0
25,2019,1,1,Tue,7,15,5.0
25,2019,1,1,Tue,7,16,15.0
25,2019,1,1,Tue,7,16,25.0
25,2019,1,1,Tue,7,16,35.0
25,2019,1,1,Tue,8,16,5.0
25,2019,1,1,Tue,8,16,15.0
25,2019,1,1,Tue,8,16,25.0
25,2019,1,1,Tue,8,16,35.0
25,2019,1,1,Tue,9,8,5.0
25,2019,1,1,Tue,9,9,15.0
25,2019,1,1,Tue,9,9,25.0
25,2019,1,1,Tue,9,9,35.0
25,2019,1,1,Tue,10,5,5.0
25,2019,1,1,Tue,10,5,15.0
25,2019,1,1,Tue,10,6,25.0
25,2019,1,1,Tue,10,6,35.0
25,2019,1,1,Tue,11,0,5.0
25,2019,1,1,Tue,11,0,15.0
25,2019,1,1,Tue,11,0,25.0
25,2019,1,1,Tue,11,0,35.0
25,2019,1,1,Tue,12,2,5.0
25,2019,1,1,Tue,12,2,15.0
25,2019,1,1,Tue,12,2,25.0
25,2019,1,1,Tue,12,2,35.0
25,2019,1,1,Tue,13,3,5.0
25,2019,1,1,Tue,13,2,15.0
25,2019,1,1,Tue,13,2,25.0
25,2019,1,1,Tue,13,2,35.0
25,2019,1,1,Tue,14,4,5.0
25,2019,1,1,Tue,14,5,15.0
25,2019,1,1,Tue,14,5,25.0
25,2019,1,1,Tue,14,5,35.0
25,2019,1,1,Tue,15,7,5.0
25,2019,1,1,Tue,15,8,15.0
25,2019,1,1,Tue,15,8,25.0
25,2019,1,1,Tue,15,8,35.0
25,2019,1,1,Tue,16,10,5.0
25,2019,1,1,Tue,16,10,15.0
25,2019,1,1,Tue,16,11,25.0
25,2019,1,1,Tue,16,11,35.0
25,2019,1,1,Tue,17,15,5.0
25,2019,1,1,Tue,17,14,15.0
25,2019,1,1,Tue,17,14,25.0
25,2019,1,1,Tue,17,14,35.0
25,2019,1,1,Tue,18,14,5.0
25,2019,1,1,Tue,18,14,15.0
25,2019,1,1,Tue,18,15,25.0
25,2019,1,1,Tue,18,15,35.0
25,2019,1,1,Tue,19,13,5.0
25,2019,1,1,Tue,19,13,15.0
25,2019,1,1,Tue,19,13,25.0
25,2019,1,1,Tue,19,14,35.0
25,2019,1,1,Tue,20,12,5.0
25,2019,1,1,Tue,20,12,15.0
25,2019,1,1,Tue,20,12,25.0
25,2019,1,1,Tue,20,12,35.0
25,2019,1,1,Tue,21,13,5.0
25,2019,1,1,Tue,21,13,15.0
25,2019,1,1,Tue,21,13,25.0
25,2019,1,1,Tue,21,13,35.0
25,2019,1,1,Tue,22,13,5.0
25,2019,1,1,Tue,22,14,15.0
25,2019,1,1,Tue,22,14,25.0
25,2019,1,1,Tue,22,14,35.0
25,2019,1,1,Tue,23,12,5.0
25,2019,1,1,Tue,23,12,15.0
25,2019,1,1,Tue,23,12,25.0
25,2019,1,1,Tue,23,13,35.0
